{
  "dataset_id": 1467,
  "dataset_name": "climate-model-simulation-crashes",
  "errors": [],
  "head_swap": null,
  "models": {
    "pdl": {
      "acc": 0.9166666666666666,
      "binary_f1_pos": 0.9565217391304348,
      "confusion": [
        [
          0,
          9
        ],
        [
          0,
          99
        ]
      ],
      "macro_f1": 0.4782608695652174,
      "margin_mean": 0.8124999925494194,
      "margin_median": 0.8124999925494194,
      "margin_p10": 0.8124999925494194,
      "margin_p90": 0.8124999925494194,
      "n_classes": 2,
      "n_predicted_classes": 1,
      "n_test": 108,
      "per_class_recall": [
        0.0,
        1.0
      ],
      "pred_counts": [
        0,
        108
      ],
      "pred_entropy": -0.0,
      "pred_entropy_norm": -0.0,
      "pred_top1_frac": 1.0,
      "pred_top2_frac": 0.0,
      "weighted_f1": 0.8768115942028986
    },
    "sa": {
      "acc": 0.9166666666666666,
      "binary_f1_pos": 0.9565217391304348,
      "confusion": [
        [
          0,
          9
        ],
        [
          0,
          99
        ]
      ],
      "macro_f1": 0.4782608695652174,
      "margin_mean": 0.9226338358116832,
      "margin_median": 0.9783128299750388,
      "margin_p10": 0.7875802621245385,
      "margin_p90": 0.9971021889010444,
      "n_classes": 2,
      "n_predicted_classes": 1,
      "n_test": 108,
      "per_class_recall": [
        0.0,
        1.0
      ],
      "pred_counts": [
        0,
        108
      ],
      "pred_entropy": -0.0,
      "pred_entropy_norm": -0.0,
      "pred_top1_frac": 1.0,
      "pred_top2_frac": 0.0,
      "weighted_f1": 0.8768115942028986
    }
  },
  "n_features": 20,
  "n_rows": 540,
  "pdl_gamma": {
    "ap": 0.8430115149952737,
    "auc": 0.5,
    "gamma_diff_mean": 1.0,
    "gamma_diff_p10": 1.0,
    "gamma_diff_p90": 1.0,
    "gamma_same_mean": 1.0,
    "gamma_same_p10": 1.0,
    "gamma_same_p90": 1.0,
    "n_pairs_used": 93096,
    "n_support": 432
  },
  "pdl_topk_sweep": null,
  "pdlc_topk_tune": null,
  "seed": 43,
  "split": {
    "kind": "random_stratified",
    "seed": 43,
    "test_size": 0.2
  },
  "variant": {
    "X_shape": [
      540,
      20
    ],
    "class_shift_offset": 1,
    "feature_permutation": [
      5,
      1,
      13,
      10,
      18,
      12,
      6,
      16,
      11,
      8,
      0,
      19,
      17,
      4,
      7,
      14,
      9,
      3,
      15,
      2
    ],
    "label_map": {
      "0": "1",
      "1": "2"
    },
    "norm_method": "none",
    "support_mask": [
      true,
      true,
      true,
      true,
      true,
      true,
      true,
      true,
      true,
      true,
      true,
      true,
      true,
      true,
      true,
      true,
      true,
      true,
      true,
      true,
      true,
      true,
      true,
      true,
      true,
      true,
      true,
      true,
      true,
      true,
      true,
      true,
      true,
      true,
      true,
      true,
      true,
      true,
      true,
      true,
      true,
      true,
      true,
      true,
      true,
      true,
      true,
      true,
      true,
      true,
      true,
      true,
      true,
      true,
      true,
      true,
      true,
      true,
      true,
      true,
      true,
      true,
      true,
      true,
      true,
      true,
      true,
      true,
      true,
      true,
      true,
      true,
      true,
      true,
      true,
      true,
      true,
      true,
      true,
      true,
      true,
      true,
      true,
      true,
      true,
      true,
      true,
      true,
      true,
      true,
      true,
      true,
      true,
      true,
      true,
      true,
      true,
      true,
      true,
      true,
      true,
      true,
      true,
      true,
      true,
      true,
      true,
      true,
      true,
      true,
      true,
      true,
      true,
      true,
      true,
      true,
      true,
      true,
      true,
      true,
      true,
      true,
      true,
      true,
      true,
      true,
      true,
      true,
      true,
      true,
      true,
      true,
      true,
      true,
      true,
      true,
      true,
      true,
      true,
      true,
      true,
      true,
      true,
      true,
      true,
      true,
      true,
      true,
      true,
      true,
      true,
      true,
      true,
      true,
      true,
      true,
      true,
      true,
      true,
      true,
      true,
      true,
      true,
      true,
      true,
      true,
      true,
      true,
      true,
      true,
      true,
      true,
      true,
      true,
      true,
      true,
      true,
      true,
      true,
      true,
      true,
      true,
      true,
      true,
      true,
      true,
      true,
      true,
      true,
      true,
      true,
      true,
      true,
      true,
      true,
      true,
      true,
      true,
      true,
      true,
      true,
      true,
      true,
      true,
      true,
      true,
      true,
      true,
      true,
      true,
      true,
      true,
      true,
      true,
      true,
      true,
      true,
      true,
      true,
      true,
      true,
      true,
      true,
      true,
      true,
      true,
      true,
      true,
      true,
      true,
      true,
      true,
      true,
      true,
      true,
      true,
      true,
      true,
      true,
      true,
      true,
      true,
      true,
      true,
      true,
      true,
      true,
      true,
      true,
      true,
      true,
      true,
      true,
      true,
      true,
      true,
      true,
      true,
      true,
      true,
      true,
      true,
      true,
      true,
      true,
      true,
      true,
      true,
      true,
      true,
      true,
      true,
      true,
      true,
      true,
      true,
      true,
      true,
      true,
      true,
      true,
      true,
      true,
      true,
      true,
      true,
      true,
      true,
      true,
      true,
      true,
      true,
      true,
      true,
      true,
      true,
      true,
      true,
      true,
      true,
      true,
      true,
      true,
      true,
      true,
      true,
      true,
      true,
      true,
      true,
      true,
      true,
      true,
      true,
      true,
      true,
      true,
      true,
      true,
      true,
      true,
      true,
      true,
      true,
      true,
      true,
      true,
      true,
      true,
      true,
      true,
      true,
      true,
      true,
      true,
      true,
      true,
      true,
      true,
      true,
      true,
      true,
      true,
      true,
      true,
      true,
      true,
      true,
      true,
      true,
      true,
      true,
      true,
      true,
      true,
      true,
      true,
      true,
      true,
      true,
      true,
      true,
      true,
      true,
      true,
      true,
      true,
      true,
      true,
      true,
      true,
      true,
      true,
      true,
      true,
      true,
      true,
      true,
      true,
      true,
      true,
      true,
      true,
      true,
      true,
      true,
      true,
      true,
      true,
      true,
      true,
      true,
      true,
      true,
      true,
      true,
      true,
      true,
      true,
      true,
      true,
      true,
      true,
      true,
      true,
      true,
      true,
      true,
      true,
      true,
      true,
      true,
      true,
      true,
      true,
      true,
      true,
      true,
      true,
      true,
      true,
      true,
      true,
      true,
      true,
      true,
      true,
      true,
      true,
      true,
      true,
      true
    ],