class,recall
acc,0.9791666666666666
good,0.0
unacc,0.9851239669421488
vgood,0.0
