class,recall
0,0.8997864300969278
1,0.22826086956521738
