class,recall
False,0.9709302325581395
True,0.48717948717948717
