class,recall
-1,0.9859025997803003
1,0.7923076923076923
