class,recall
1,0.48623853211009177
2,0.25773195876288657
3,0.48
4,0.34146341463414637
5,0.408
6,0.8806262230919765
