class,recall
False,0.9468599033816425
True,0.4666666666666667
