class,recall
No,0.9927272727272727
Yes,0.2545454545454545
