class,recall
1,0.9925731760594146
2,0.8625954198473282
