class,recall
1,0.48807339449541287
2,0.24691358024691357
3,0.45989304812834225
4,0.288961038961039
5,0.34935897435897434
6,0.86530931871574
