class,recall
D,0.8504741064916119
H,0.5410821643286573
P,0.5271687321258341
R,0.5414364640883977
S,0.7261016949152542
