class,recall
0,0.8024640657084189
1,0.36363636363636365
