class,recall
False,0.9039145907473309
True,0.53125
