class,recall
acc,0.9635416666666666
good,0.8285714285714286
unacc,0.9851239669421488
vgood,0.9375
