class,recall
B,0.2
L,0.9652777777777778
R,0.9444444444444444
