class,recall
1,0.3486238532110092
2,0.061855670103092786
3,0.2733333333333333
4,0.2764227642276423
5,0.096
6,0.8825831702544031
