class,recall
1,0.9748908296943232
2,0.9230769230769231
