class,recall
1,0.9546485260770975
2,0.9833333333333333
3,0.9696969696969697
4,0.9696969696969697
