class,recall
D,0.8482859226841721
H,0.49298597194388777
P,0.5471877979027645
R,0.5156537753222836
S,0.7416949152542373
