class,recall
Bumps,0.3681592039800995
Dirtiness,0.0
K_Scratch,0.9183673469387755
Other_Faults,0.9258160237388724
Pastry,0.0
Stains,0.0
Z_Scratch,0.0
