class,recall
acc,0.987012987012987
good,0.7857142857142857
unacc,0.9917355371900827
vgood,1.0
