class,recall
0,0.9840643995400032
1,0.15217391304347827
