topk,acc,macro_f1,weighted_f1,n_predicted_classes,pred_entropy_norm,pred_top1_frac,margin_median
,0.9164222873900293,0.6574223397224058,0.9360765835874038,2,0.4633930684669421,0.9017595307917888,0.9528421458695564
8.0,0.9237536656891495,0.6587473417818962,0.9400685308880987,2,0.4247129966982168,0.9134897360703812,0.9668110564724427
16.0,0.9222873900293255,0.6561584414596096,0.9391422234387409,2,0.42967946163744836,0.9120234604105572,0.9655249467322777
32.0,0.9208211143695014,0.6536215118083575,0.9382180834845008,2,0.43460726751939976,0.9105571847507331,0.9640902794814556
64.0,0.9200879765395894,0.6523719449036328,0.9377567873158973,2,0.43705685298421715,0.9098240469208211,0.9626043513417147
