class,recall
negative,0.998589562764457
sick,0.8695652173913043
