class,recall
1,0.9537624660018132
2,0.9732824427480916
3,0.9451219512195121
4,0.9588377723970944
