class,recall
1,0.99235807860262
2,0.8461538461538461
