class,recall
1,0.981214504150284
2,0.9465648854961832
