class,recall
1,0.9727891156462585
2,0.9761904761904762
3,0.9545454545454546
4,0.9636363636363636
