class,recall
-1,0.997254004576659
1,0.6346153846153846
