class,recall
1,0.46691176470588236
2,0.24279835390946503
3,0.44919786096256686
4,0.29449838187702265
5,0.3717948717948718
6,0.8535630383711824
