class,recall
1,0.44495412844036697
2,0.32989690721649484
3,0.44
4,0.3089430894308943
5,0.384
6,0.8825831702544031
