class,recall
0,0.6542094455852157
1,0.7090909090909091
