class,recall
1,0.3211009174311927
2,0.0
3,0.06417112299465241
4,0.0
5,0.0
6,0.995301487862177
