class,recall
0,0.026385224274406333
1,0.9996761133603239
