{
  "dataset_id": 11,
  "dataset_name": "balance-scale",
  "errors": [],
  "head_swap": null,
  "models": {
    "pdl": {
      "acc": 0.936,
      "binary_f1_pos": NaN,
      "confusion": [
        [
          7,
          3,
          0
        ],
        [
          1,
          56,
          0
        ],
        [
          3,
          1,
          54
        ]
      ],
      "macro_f1": 0.8627391127391127,
      "margin_mean": 0.7675776973962783,
      "margin_median": 0.8835652843117714,
      "margin_p10": 0.24439422488212587,
      "margin_p90": 0.9500080943107605,
      "n_classes": 3,
      "n_predicted_classes": 3,
      "n_test": 125,
      "per_class_recall": [
        0.7,
        0.9824561403508771,
        0.9310344827586207
      ],
      "pred_counts": [
        11,
        60,
        54
      ],
      "pred_entropy": 0.9287724553136696,
      "pred_entropy_norm": 0.8454051214370234,
      "pred_top1_frac": 0.48,
      "pred_top2_frac": 0.432,
      "weighted_f1": 0.9372747252747253
    },
    "sa": {
      "acc": 0.912,
      "binary_f1_pos": NaN,
      "confusion": [
        [
          8,
          1,
          1
        ],
        [
          1,
          56,
          0
        ],
        [
          8,
          0,
          50
        ]
      ],
      "macro_f1": 0.8308266418680068,
      "margin_mean": 0.8139277024743496,
      "margin_median": 0.9990592828253284,
      "margin_p10": 0.18353642821311952,
      "margin_p90": 0.9998496874912235,
      "n_classes": 3,
      "n_predicted_classes": 3,
      "n_test": 125,
      "per_class_recall": [
        0.8,
        0.9824561403508771,
        0.8620689655172413
      ],
      "pred_counts": [
        17,
        57,
        51
      ],
      "pred_entropy": 0.995180486226576,
      "pred_entropy_norm": 0.9058523161369985,
      "pred_top1_frac": 0.456,
      "pred_top2_frac": 0.408,
      "weighted_f1": 0.9210954808019028
    }
  },
  "n_features": 4,
  "n_rows": 625,
  "pdl_gamma": {
    "ap": 0.9999975354531343,
    "auc": 0.9999981359903176,
    "gamma_diff_mean": 0.9640789373798199,
    "gamma_diff_p10": 0.9511257767677307,
    "gamma_diff_p90": 0.9770180702209473,
    "gamma_same_mean": 0.9903707927130864,
    "gamma_same_p10": 0.9890776872634888,
    "gamma_same_p90": 0.9912602305412292,
    "n_pairs_used": 124750,
    "n_support": 500
  },
  "pdl_topk_sweep": null,
  "pdlc_topk_tune": null,
  "seed": 45,
  "split": {
    "kind": "random_stratified",
    "seed": 45,
    "test_size": 0.2
  },
  "variant": {
    "X_shape": [
      625,
      4
    ],
    "class_shift_offset": 0,
    "feature_permutation": [
      3,
      2,
      1,
      0
    ],
    "label_map": {
      "0": "B",
      "1": "L",
      "2": "R"
    },
    "norm_method": "none",
    "support_mask": [
      true,
      true,
      true,
      true,
      true,
      true,
      true,
      true,
      true,
      true,
      true,
      true,
      true,
      true,
      true,
      true,
      true,
      true,
      true,
      true,
      true,
      true,
      true,
      true,
      true,
      true,
      true,
      true,
      true,
      true,
      true,
      true,
      true,
      true,
      true,
      true,
      true,
      true,
      true,
      true,
      true,
      true,
      true,
      true,
      true,
      true,
      true,
      true,
      true,
      true,
      true,
      true,
      true,
      true,
      true,
      true,
      true,
      true,
      true,
      true,
      true,
      true,
      true,
      true,
      true,
      true,
      true,
      true,
      true,
      true,
      true,
      true,
      true,
      true,
      true,
      true,
      true,
      true,
      true,
      true,
      true,
      true,
      true,
      true,
      true,
      true,
      true,
      true,
      true,
      true,
      true,
      true,
      true,
      true,
      true,
      true,
      true,
      true,
      true,
      true,
      true,
      true,
      true,
      true,
      true,
      true,
      true,
      true,
      true,
      true,
      true,
      true,
      true,
      true,
      true,
      true,
      true,
      true,
      true,
      true,
      true,
      true,
      true,
      true,
      true,
      true,
      true,
      true,
      true,
      true,
      true,
      true,
      true,
      true,
      true,
      true,
      true,
      true,
      true,
      true,
      true,
      true,
      true,
      true,
      true,
      true,
      true,
      true,
      true,
      true,
      true,
      true,
      true,
      true,
      true,
      true,
      true,
      true,
      true,
      true,
      true,
      true,
      true,
      true,
      true,
      true,
      true,
      true,
      true,
      true,
      true,
      true,
      true,
      true,
      true,
      true,
      true,
      true,
      true,
      true,
      true,
      true,
      true,
      true,
      true,
      true,
      true,
      true,
      true,
      true,
      true,
      true,
      true,
      true,
      true,
      true,
      true,
      true,
      true,
      true,
      true,
      true,
      true,
      true,
      true,
      true,
      true,
      true,
      true,
      true,
      true,
      true,
      true,
      true,
      true,
      true,
      true,
      true,
      true,
      true,
      true,
      true,
      true,
      true,
      true,
      true,
      true,
      true,
      true,
      true,
      true,
      true,
      true,
      true,
      true,
      true,
      true,
      true,
      true,
      true,
      true,
      true,
      true,
      true,
      true,
      true,
      true,
      true,
      true,
      true,
      true,
      true,
      true,
      true,
      true,
      true,
      true,
      true,
      true,
      true,
      true,
      true,
      true,
      true,
      true,
      true,
      true,
      true,
      true,
      true,
      true,
      true,
      true,
      true,
      true,
      true,
      true,
      true,
      true,
      true,
      true,
      true,
      true,
      true,
      true,
      true,
      true,
      true,
      true,
      true,
      true,
      true,
      true,
      true,
      true,
      true,
      true,
      true,
      true,
      true,
      true,
      true,
      true,
      true,
      true,
      true,
      true,
      true,
      true,
      true,
      true,
      true,
      true,
      true,
      true,
      true,
      true,
      true,
      true,
      true,
      true,
      true,
      true,
      true,
      true,
      true,
      true,
      true,
      true,
      true,
      true,
      true,
      true,
      true,
      true,
      true,
      true,
      true,
      true,
      true,
      true,
      true,
      true,
      true,
      true,
      true,
      true,
      true,
      true,
      true,
      true,
      true,
      true,
      true,
      true,
      true,
      true,
      true,
      true,
      true,
      true,
      true,
      true,
      true,
      true,
      true,
      true,
      true,
      true,
      true,
      true,
      true,
      true,
      true,
      true,
      true,
      true,
      true,
      true,
      true,
      true,
      true,
      true,
      true,
      true,
      true,
      true,
      true,
      true,
      true,
      true,
      true,
      true,
      true,
      true,
      true,
      true,
      true,
      true,
      true,
      true,
      true,
      true,
      true,
      true,
      true,
      true,
      true,
      true,
      true,
      true,
      true,
      true,
      true,
      true,
      true,
      true,
      true,
      true,
      true,
      true,
      true,
      true,
      true,
      true,
      true,
      true,
      true,
      true,
      true,
      true,
      true,
      true,
