class,recall
B,0.28
L,0.9861111111111112
R,0.9583333333333334
