class,recall
False,0.3665480427046263
True,0.96875
