topk,acc,macro_f1,weighted_f1,n_predicted_classes,pred_entropy_norm,pred_top1_frac,margin_median
,0.9098240469208211,0.6503810399044743,0.9321251053962688,2,0.4886690752131726,0.8936950146627566,0.9480358440185002
8.0,0.9090909090909091,0.5834704230901837,0.9279909372999063,2,0.41466170024734533,0.9164222873900293,0.9668832223167974
16.0,0.906891495601173,0.5808530149750658,0.9266760418070799,2,0.42221508281533315,0.9142228739002932,0.9661754939459546
32.0,0.906891495601173,0.5808530149750658,0.9266760418070799,2,0.42221508281533315,0.9142228739002932,0.9650965906768493
64.0,0.906891495601173,0.5808530149750658,0.9266760418070799,2,0.42221508281533315,0.9142228739002932,0.9637375408026381
