class,recall
Bumps,0.19900497512437812
Dirtiness,0.0
K_Scratch,0.9132653061224489
Other_Faults,0.9673590504451038
Pastry,0.0
Stains,0.0
Z_Scratch,0.0
