class,recall
D,0.0007293946024799417
H,0.0
P,0.0
R,0.0
S,0.9972881355932204
