class,recall
D,0.8868613138686131
H,0.565
P,0.5761904761904761
R,0.5207373271889401
S,0.8050847457627118
