class,recall
g,0.9453454427505676
h,0.7825956937799043
