class,recall
0,0.30606860158311344
1,0.9583805668016194
