{
  "dataset_id": 11,
  "dataset_name": "balance-scale",
  "errors": [],
  "head_swap": null,
  "models": {
    "pdl": {
      "acc": 0.944,
      "binary_f1_pos": NaN,
      "confusion": [
        [
          9,
          1,
          0
        ],
        [
          1,
          56,
          0
        ],
        [
          5,
          0,
          53
        ]
      ],
      "macro_f1": 0.8858036984352774,
      "margin_mean": 0.8660032956724172,
      "margin_median": 0.9995383849891368,
      "margin_p10": 0.36212741732597353,
      "margin_p90": 0.9998410623127711,
      "n_classes": 3,
      "n_predicted_classes": 3,
      "n_test": 125,
      "per_class_recall": [
        0.9,
        0.9824561403508771,
        0.9137931034482759
      ],
      "pred_counts": [
        15,
        57,
        53
      ],
      "pred_entropy": 0.9763125636913814,
      "pred_entropy_norm": 0.8886779929205079,
      "pred_top1_frac": 0.456,
      "pred_top2_frac": 0.424,
      "weighted_f1": 0.9486990990990991
    }
  },
  "n_features": 4,
  "n_rows": 625,
  "pdl_anchor_uncertainty": {
    "au_mean": 0.1836571577815339,
    "au_median": 0.0036289608106017113,
    "au_norm_mean": 0.16717194926354645,
    "au_p10": 0.0011146220844238997,
    "au_p90": 0.8178973674774173,
    "eu_mean": 0.0012962830455508082,
    "eu_median": 1.1418014764785767e-06,
    "eu_norm_mean": 0.001179927676871649,
    "eu_p10": 4.3069012463092803e-07,
    "eu_p90": 0.00019631385803222658,
    "kept_max": 32,
    "kept_mean": 32.0,
    "kept_min": 32,
    "n_classes": 3,
    "n_queries": 125,
    "n_support": 500,
    "topk": 32,
    "tu_mean": 0.1849534408270847,
    "tu_median": 0.0036300448700785637,
    "tu_norm_mean": 0.1683518769404181,
    "tu_p10": 0.0011150745674967765,
    "tu_p90": 0.8180312633514406
  },
  "pdl_anchor_uncertainty_eval": {
    "au_err_ap": 0.5107792207792208,
    "au_err_auc": 0.951304347826087,
    "au_mean_correct": 0.1259592599225352,
    "au_mean_wrong": 0.8471829831600189,
    "corr_au_margin": -0.9723742754156193,
    "corr_eu_margin": -0.3797409122165916,
    "corr_kept_eu": NaN,
    "corr_kept_tu": NaN,
    "corr_tu_margin": -0.9746189021198493,
    "err_rate": 0.08,
    "eu_err_ap": 0.5086339385252429,
    "eu_err_auc": 0.9521739130434783,
    "eu_mean_correct": 0.0011767162351727324,
    "eu_mean_wrong": 0.0026713013648986816,
    "eu_min": 1.2118835002183914e-07,
    "eu_resid_abs_mean": 0.0,
    "frac_eu_negative": 0.0,
    "n": 125,
    "single_variant_acc": 0.92,
    "single_variant_macro_f1": 0.8101568605780237,
    "tu_err_ap": 0.5024458874458875,
    "tu_err_auc": 0.9504347826086956,
    "tu_mean_correct": 0.12713597615770794,
    "tu_mean_wrong": 0.8498542845249176
  },
  "pdl_gamma": {
    "ap": 0.9905023198627162,
    "auc": 0.9938348000351196,
    "gamma_diff_mean": 0.10096528815110875,
    "gamma_diff_p10": 0.00982324481010437,
    "gamma_diff_p90": 0.21013617217540742,
    "gamma_same_mean": 0.6691768197410292,
    "gamma_same_p10": 0.48925358057022095,
    "gamma_same_p90": 0.8486628532409668,
    "n_pairs_used": 124750,
    "n_support": 500
  },
  "pdl_topk_sweep": null,
  "pdlc_topk_tune": null,
  "seed": 45,
  "split": {
    "kind": "random_stratified",
    "seed": 45,
    "test_size": 0.2
  },
  "variant": {
    "X_shape": [
      625,
      4
    ],
    "class_shift_offset": 0,
    "feature_permutation": [
      3,
      2,
      1,
      0
    ],
    "label_map": {
      "0": "B",
      "1": "L",
      "2": "R"
    },
    "norm_method": "none",
    "support_mask": [
      true,
      true,
      true,
      true,
      true,
      true,
      true,
      true,
      true,
      true,
      true,
      true,
      true,
      true,
      true,
      true,
      true,
      true,
      true,
      true,
      true,
      true,
      true,
      true,
      true,
      true,
      true,
      true,
      true,
      true,
      true,
      true,
      true,
      true,
      true,
      true,
      true,
      true,
      true,
      true,
      true,
      true,
      true,
      true,
      true,
      true,
      true,
      true,
      true,
      true,
      true,
      true,
      true,
      true,
      true,
      true,
      true,
      true,
      true,
      true,
      true,
      true,
      true,
      true,
      true,
      true,
      true,
      true,
      true,
      true,
      true,
      true,
      true,
      true,
      true,
      true,
      true,
      true,
      true,
      true,
      true,
      true,
      true,
      true,
      true,
      true,
      true,
      true,
      true,
      true,
      true,
      true,
      true,
      true,
      true,
      true,
      true,
      true,
      true,
      true,
      true,
      true,
      true,
      true,
      true,
      true,
      true,
      true,
      true,
      true,
      true,
      true,
      true,
      true,
      true,
      true,
      true,
      true,
      true,
      true,
      true,
      true,
      true,
      true,
      true,
      true,
      true,
      true,
      true,
      true,
      true,
      true,
      true,
      true,
      true,
      true,
      true,
      true,
      true,
      true,
      true,
      true,
      true,
      true,
      true,
      true,
      true,
      true,
      true,
      true,
      true,
      true,
      true,
      true,
      true,
      true,
      true,
      true,
      true,
      true,
      true,
      true,
      true,
      true,
      true,
      true,
      true,
      true,
      true,
      true,
      true,
      true,
      true,
      true,
      true,
      true,
      true,
      true,
      true,
      true,
      true,
      true,
      true,
      true,
      true,
      true,
      true,
      true,
      true,
      true,
      true,
      true,
      true,
      true,
      true,
      true,
      true,
      true,
      true,
      true,
      true,
      true,
      true,
      true,
      true,
      true,
      true,
      true,
      true,
      true,
      true,
      true,
      true,
      true,
      true,
      true,
      true,
      true,
      true,
      true,
      true,
      true,
      true,
      true,
      true,
      true,
      true,
      true,
      true,
      true,
      true,
      true,
      true,
      true,
      true,
      true,
      true,
      true,
      true,
      true,
      true,
      true,
      true,
      true,
      true,
      true,
      true,
      true,
      true,
      true,
      true,
      true,
      true,
      true,
      true,
      true,
      true,
      true,
      true,
      true,
      true,
      true,
      true,
      true,
      true,
      true,
      true,
      true,
      true,
      true,
      true,
      true,
      true,
      true,
      true,
      true,
      true,
      true,
      true,
      true,
      true,
      true,
      true,
      true,
      true,
      true,
      true,
      true,
      true,
      true,
      true,
      true,
      true,
      true,
      true,
      true,
      true,
      true,
      true,
      true,
      true,
      true,
      true,
      true,
      true,
      true,
      true,
      true,
      true,
      true,
      true,
      true,
      true,
      true,
      true,
      true,
      true,
      true,
      true,
      true,
      true,
      true,
      true,
      true,
      true,
      true,
      true,
      true,
      true,
      true,
      true,
      true,
      true,
      true,
      true,
      true,
      true,
      true,
      true,
      true,
      true,
      true,
      true,
      true,
      true,
      true,
      true,
      true,
      true,
      true,
      true,
      true,
      true,
      true,
      true,
      true,
      true,
      true,
      true,
      true,
      true,
      true,
      true,
      true,
      true,
      true,
      true,
      true,
      true,
      true,
