class,recall
acc,0.9739583333333334
good,0.0
unacc,0.9867768595041322
vgood,0.0
