class,recall
False,0.9951690821256038
True,0.3333333333333333
