class,recall
1,0.9537624660018132
2,0.9723282442748091
3,0.9451219512195121
4,0.9636803874092009
