class,recall
-1,0.9848970251716247
1,0.46153846153846156
