class,recall
1,0.7669990933816863
2,0.9980916030534351
3,0.6890243902439024
4,0.6174334140435835
