class,recall
acc,0.9427083333333334
good,0.0
unacc,0.9950413223140496
vgood,0.6875
