class,recall
No,0.9977272727272727
Yes,0.1590909090909091
