class,recall
1,0.4954128440366973
2,0.26804123711340205
3,0.4
4,0.3008130081300813
5,0.4
6,0.898238747553816
