class,recall
D,0.8941605839416058
H,0.615
P,0.5952380952380952
R,0.5345622119815668
S,0.7898305084745763
