class,recall
acc,0.9895833333333334
good,0.8285714285714286
unacc,0.9950413223140496
vgood,1.0
