class,recall
-1,0.9849871841816185
1,0.5153846153846153
