class,recall
No,0.9366666666666666
Yes,0.41818181818181815
