class,recall
1,1.0
2,0.44761904761904764
3,0.5303030303030303
4,0.24848484848484848
