class,recall
negative,0.9929478138222849
sick,0.8913043478260869
