class,recall
D,0.822992700729927
H,0.15
P,0.38333333333333336
R,0.1336405529953917
S,0.8033898305084746
