class,recall
acc,0.974025974025974
good,0.8571428571428571
unacc,0.987603305785124
vgood,1.0
