class,recall
D,0.8803792851932896
H,0.41082164328657317
P,0.5338417540514776
R,0.4732965009208103
S,0.7457627118644068
