{
  "dataset_id": 11,
  "dataset_name": "balance-scale",
  "head_swap": null,
  "models": {
    "pdl": {
      "acc": 0.9041533546325878,
      "binary_f1_pos": NaN,
      "confusion": [
        [
          5,
          13,
          7
        ],
        [
          3,
          141,
          0
        ],
        [
          5,
          2,
          137
        ]
      ],
      "macro_f1": 0.718182261208577,
      "margin_mean": 0.8307192623838542,
      "margin_median": 0.9989194091176614,
      "margin_p10": 0.22481806874275212,
      "margin_p90": 0.9998358424854814,
      "n_classes": 3,
      "n_predicted_classes": 3,
      "n_test": 313,
      "per_class_recall": [
        0.2,
        0.9791666666666666,
        0.9513888888888888
      ],
      "pred_counts": [
        13,
        156,
        144
      ],
      "pred_entropy": 0.8363789288249077,
      "pred_entropy_norm": 0.7613049093405666,
      "pred_top1_frac": 0.4984025559105431,
      "pred_top2_frac": 0.46006389776357826,
      "weighted_f1": 0.8911787455860097
    },
    "sa": {
      "acc": 0.8913738019169329,
      "binary_f1_pos": NaN,
      "confusion": [
        [
          7,
          11,
          7
        ],
        [
          6,
          138,
          0
        ],
        [
          8,
          2,
          134
        ]
      ],
      "macro_f1": 0.7267639745396407,
      "margin_mean": 0.7989158576560738,
      "margin_median": 0.9945643425453454,
      "margin_p10": 0.23747320175170905,
      "margin_p90": 0.9997061653790297,
      "n_classes": 3,
      "n_predicted_classes": 3,
      "n_test": 313,
      "per_class_recall": [
        0.28,
        0.9583333333333334,
        0.9305555555555556
      ],
      "pred_counts": [
        21,
        151,
        141
      ],
      "pred_entropy": 0.8921476918354657,
      "pred_entropy_norm": 0.8120678250532323,
      "pred_top1_frac": 0.48242811501597443,
      "pred_top2_frac": 0.4504792332268371,
      "weighted_f1": 0.8873630852932171
    }
  },
  "n_features": 4,
  "n_rows": 625,
  "pdl_gamma": {
    "ap": 0.9987408918410248,
    "auc": 0.9990455760087437,
    "gamma_diff_mean": 0.09470000204542986,
    "gamma_diff_p10": 0.009527240414172411,
    "gamma_diff_p90": 0.20652278661727902,
    "gamma_same_mean": 0.7096232613789635,
    "gamma_same_p10": 0.5231976985931397,
    "gamma_same_p90": 0.875276380777359,
    "n_pairs_used": 48516,
    "n_support": 312
  },
  "pdlc_topk_tune": null,
  "split": {
    "kind": "random_stratified",
    "seed": 42,
    "test_size": 0.5
  },
  "variant": {
    "X_shape": [
      625,
      4
    ],
    "class_shift_offset": 1,
    "feature_permutation": [
      0,
      1,
      2,
      3
    ],
    "label_map": {
      "0": "B",
      "1": "L",
      "2": "R"
    },
    "norm_method": "none",
    "support_mask": [
      true,
      true,
      true,
      true,
      true,
      true,
      true,
      true,
      true,
      true,
      true,
      true,
      true,
      true,
      true,
      true,
      true,
      true,
      true,
      true,
      true,
      true,
      true,
      true,
      true,
      true,
      true,
      true,
      true,
      true,
      true,
      true,
      true,
      true,
      true,
      true,
      true,
      true,
      true,
      true,
      true,
      true,
      true,
      true,
      true,
      true,
      true,
      true,
      true,
      true,
      true,
      true,
      true,
      true,
      true,
      true,
      true,
      true,
      true,
      true,
      true,
      true,
      true,
      true,
      true,
      true,
      true,
      true,
      true,
      true,
      true,
      true,
      true,
      true,
      true,
      true,
      true,
      true,
      true,
      true,
      true,
      true,
      true,
      true,
      true,
      true,
      true,
      true,
      true,
      true,
      true,
      true,
      true,
      true,
      true,
      true,
      true,
      true,
      true,
      true,
      true,
      true,
      true,
      true,
      true,
      true,
      true,
      true,
      true,
      true,
      true,
      true,
      true,
      true,
      true,
      true,
      true,
      true,
      true,
      true,
      true,
      true,
      true,
      true,
      true,
      true,
      true,
      true,
      true,
      true,
      true,
      true,
      true,
      true,
      true,
      true,
      true,
      true,
      true,
      true,
      true,
      true,
      true,
      true,
      true,
      true,
      true,
      true,
      true,
      true,
      true,
      true,
      true,
      true,
      true,
      true,
      true,
      true,
      true,
      true,
      true,
      true,
      true,
      true,
      true,
      true,
      true,
      true,
      true,
      true,
      true,
      true,
      true,
      true,
      true,
      true,
      true,
      true,
      true,
      true,
      true,
      true,
      true,
      true,
      true,
      true,
      true,
      true,
      true,
      true,
      true,
      true,
      true,
      true,
      true,
      true,
      true,
      true,
      true,
      true,
      true,
      true,
      true,
      true,
      true,
      true,
      true,
      true,
      true,
      true,
      true,
      true,
      true,
      true,
      true,
      true,
      true,
      true,
      true,
      true,
      true,
      true,
      true,
      true,
      true,
      true,
      true,
      true,
      true,
      true,
      true,
      true,
      true,
      true,
      true,
      true,
      true,
      true,
      true,
      true,
      true,
      true,
      true,
      true,
      true,
      true,
      true,
      true,
      true,
      true,
      true,
      true,
      true,
      true,
      true,
      true,
      true,
      true,
      true,
      true,
      true,
      true,
      true,
      true,
      true,
      true,
      true,
      true,
      true,
      true,
      true,
      true,
      true,
      true,
      true,
      true,
      true,
      true,
      true,
      true,
      true,
      true,
      true,
      true,
      true,
      true,
      true,
      true,
      true,
      true,
      true,
      true,
      true,
      true,
      true,
      true,
      true,
      true,
      true,
      true,
      true,
      true,
      true,
      true,
      true,
      true,
      true,
      true,
      true,
      true,
      true,
      true
    ],