class,recall
acc,0.974025974025974
good,1.0
unacc,0.9958677685950413
vgood,1.0
