{
  "dataset_id": 1467,
  "dataset_name": "climate-model-simulation-crashes",
  "errors": [],
  "head_swap": null,
  "models": {
    "pdl": {
      "acc": 0.9074074074074074,
      "binary_f1_pos": 0.9504950495049505,
      "confusion": [
        [
          2,
          7
        ],
        [
          3,
          96
        ]
      ],
      "macro_f1": 0.618104667609618,
      "margin_mean": 0.7151243610391652,
      "margin_median": 0.855887446552515,
      "margin_p10": 0.22905600368976595,
      "margin_p90": 0.9847592009231448,
      "n_classes": 2,
      "n_predicted_classes": 2,
      "n_test": 108,
      "per_class_recall": [
        0.2222222222222222,
        0.9696969696969697
      ],
      "pred_counts": [
        5,
        103
      ],
      "pred_entropy": 0.18746201092215498,
      "pred_entropy_norm": 0.2704505135124657,
      "pred_top1_frac": 0.9537037037037037,
      "pred_top2_frac": 0.046296296296296294,
      "weighted_f1": 0.895096652522395
    }
  },
  "n_features": 20,
  "n_rows": 540,
  "pdl_anchor_uncertainty": {
    "au_mean": 0.31477198383287974,
    "au_median": 0.20854130387306213,
    "au_norm_mean": 0.4541199800864766,
    "au_p10": 0.02444063201546669,
    "au_p90": 0.6661294102668762,
    "eu_mean": 1.0086930598373766e-05,
    "eu_median": 7.517635822296143e-06,
    "eu_norm_mean": 1.4552364752064977e-05,
    "eu_p10": 2.9876828193664555e-06,
    "eu_p90": 1.4132261276245117e-05,
    "kept_max": 32,
    "kept_mean": 32.0,
    "kept_min": 32,
    "n_classes": 2,
    "n_queries": 108,
    "n_support": 432,
    "topk": 32,
    "tu_mean": 0.31478207076347814,
    "tu_median": 0.20855166763067245,
    "tu_norm_mean": 0.4541345324512287,
    "tu_p10": 0.02444382905960083,
    "tu_p90": 0.6661388635635376
  },
  "pdl_anchor_uncertainty_eval": {
    "au_err_ap": 0.35870739446293487,
    "au_err_auc": 0.8404858299595143,
    "au_mean_correct": 0.27640049135018335,
    "au_mean_wrong": 0.5951790442833533,
    "corr_au_margin": -0.9654374201132097,
    "corr_eu_margin": -0.282757917485353,
    "corr_kept_eu": NaN,
    "corr_kept_tu": NaN,
    "corr_tu_margin": -0.9654359125212475,
    "err_rate": 0.12037037037037036,
    "eu_err_ap": 0.3144132008584474,
    "eu_err_auc": 0.6955465587044535,
    "eu_mean_correct": 8.426783116240251e-06,
    "eu_mean_wrong": 2.2218777583195613e-05,
    "eu_min": 1.082196831703186e-06,
    "eu_resid_abs_mean": 0.0,
    "frac_eu_negative": 0.0,
    "n": 108,
    "single_variant_acc": 0.8796296296296297,
    "single_variant_macro_f1": 0.5343283582089552,
    "tu_err_ap": 0.35870739446293487,
    "tu_err_auc": 0.8404858299595143,
    "tu_mean_correct": 0.2764089181332996,
    "tu_mean_wrong": 0.5952012630609366
  },
  "pdl_gamma": {
    "ap": 0.9999978327879621,
    "auc": 0.9999883051419675,
    "gamma_diff_mean": 0.0947629322669062,
    "gamma_diff_p10": 0.034791606664657596,
    "gamma_diff_p90": 0.16087606549263,
    "gamma_same_mean": 0.7120574086179603,
    "gamma_same_p10": 0.6019673943519592,
    "gamma_same_p90": 0.7896300554275513,
    "n_pairs_used": 93096,
    "n_support": 432
  },
  "pdl_topk_sweep": null,
  "pdlc_topk_tune": null,
  "seed": 43,
  "split": {
    "kind": "random_stratified",
    "seed": 43,
    "test_size": 0.2
  },
  "variant": {
    "X_shape": [
      540,
      20
    ],
    "class_shift_offset": 1,
    "feature_permutation": [
      5,
      1,
      13,
      10,
      18,
      12,
      6,
      16,
      11,
      8,
      0,
      19,
      17,
      4,
      7,
      14,
      9,
      3,
      15,
      2
    ],
    "label_map": {
      "0": "1",
      "1": "2"
    },
    "norm_method": "none",
    "support_mask": [
      true,
      true,
      true,
      true,
      true,
      true,
      true,
      true,
      true,
      true,
      true,
      true,
      true,
      true,
      true,
      true,
      true,
      true,
      true,
      true,
      true,
      true,
      true,
      true,
      true,
      true,
      true,
      true,
      true,
      true,
      true,
      true,
      true,
      true,
      true,
      true,
      true,
      true,
      true,
      true,
      true,
      true,
      true,
      true,
      true,
      true,
      true,
      true,
      true,
      true,
      true,
      true,
      true,
      true,
      true,
      true,
      true,
      true,
      true,
      true,
      true,
      true,
      true,
      true,
      true,
      true,
      true,
      true,
      true,
      true,
      true,
      true,
      true,
      true,
      true,
      true,
      true,
      true,
      true,
      true,
      true,
      true,
      true,
      true,
      true,
      true,
      true,
      true,
      true,
      true,
      true,
      true,
      true,
      true,
      true,
      true,
      true,
      true,
      true,
      true,
      true,
      true,
      true,
      true,
      true,
      true,
      true,
      true,
      true,
      true,
      true,
      true,
      true,
      true,
      true,
      true,
      true,
      true,
      true,
      true,
      true,
      true,
      true,
      true,
      true,
      true,
      true,
      true,
      true,
      true,
      true,
      true,
      true,
      true,
      true,
      true,
      true,
      true,
      true,
      true,
      true,
      true,
      true,
      true,
      true,
      true,
      true,
      true,
      true,
      true,
      true,
      true,
      true,
      true,
      true,
      true,
      true,
      true,
      true,
      true,
      true,
      true,
      true,
      true,
      true,
      true,
      true,
      true,
      true,
      true,
      true,
      true,
      true,
      true,
      true,
      true,
      true,
      true,
      true,
      true,
      true,
      true,
      true,
      true,
      true,
      true,
      true,
      true,
      true,
      true,
      true,
      true,
      true,
      true,
      true,
      true,
      true,
      true,
      true,
      true,
      true,
      true,
      true,
      true,
      true,
      true,
      true,
      true,
      true,
      true,
      true,
      true,
      true,
      true,
      true,
      true,
      true,
      true,
      true,
      true,
      true,
      true,
      true,
      true,
      true,
      true,
      true,
      true,
      true,
      true,
      true,
      true,
      true,
      true,
      true,
      true,
      true,
      true,
      true,
      true,
      true,
      true,
      true,
      true,
      true,
      true,
      true,
      true,
      true,
      true,
      true,
      true,
      true,
      true,
      true,
      true,
      true,
      true,
      true,
      true,
      true,
      true,
      true,
      true,
      true,
      true,
      true,
      true,
      true,
      true,
      true,
      true,
      true,
      true,
      true,
      true,
      true,
      true,
      true,
      true,
      true,
      true,
      true,
      true,
      true,
      true,
      true,
      true,
      true,
      true,
      true,
      true,
      true,
      true,
      true,
      true,
      true,
      true,
      true,
      true,
      true,
      true,
      true,
      true,
      true,
      true,
      true,
      true,
      true,
      true,
      true,
      true,
      true,
      true,
      true,
      true,
      true,
      true,
      true,
      true,
      true,
      true,
      true,
      true,
      true,
      true,
      true,
      true,
      true,
      true,
      true,
      true,
      true,
      true,
      true,
      true,
      true,
      true,
      true,
      true,
      true,
      true,
      true,
      true,
      true,
      true,
      true,
      true,
      true,
      true,
      true,
      true,
      true,
      true,
      true,
      true,
      true,
      true,
      true,
      true,
