class,recall
B,1.0
L,0.9655172413793104
R,0.9824561403508771
