class,recall
B,0.6
L,0.9824561403508771
R,0.9655172413793104
