class,recall
negative,0.5937940761636107
sick,0.8043478260869565
