class,recall
1,0.45504587155963305
2,0.2345679012345679
3,0.393048128342246
4,0.24675324675324675
5,0.3173076923076923
6,0.9021143304620204
