class,recall
B,0.8
L,0.9482758620689655
R,0.9824561403508771
