class,recall
acc,0.9635416666666666
good,0.8857142857142857
unacc,0.9867768595041322
vgood,0.96875
