class,recall
B,0.28
L,0.9583333333333334
R,0.9305555555555556
