class,recall
D,0.8905109489051095
H,0.575
P,0.5761904761904761
R,0.5806451612903226
S,0.8067796610169492
