class,recall
1,0.1111111111111111
2,0.98989898989899
