class,recall
1,1.0
2,0.3595238095238095
3,0.4090909090909091
4,0.18181818181818182
