class,recall
False,0.9799957437752713
True,0.3235294117647059
