{
  "dataset_id": 11,
  "dataset_name": "balance-scale",
  "errors": [],
  "head_swap": null,
  "models": {
    "pdl": {
      "acc": 0.96,
      "binary_f1_pos": NaN,
      "confusion": [
        [
          8,
          2,
          0
        ],
        [
          2,
          56,
          0
        ],
        [
          1,
          0,
          56
        ]
      ],
      "macro_f1": 0.9061908152539827,
      "margin_mean": 0.8486047317909251,
      "margin_median": 0.9985833411919884,
      "margin_p10": 0.19451072216033938,
      "margin_p90": 0.999780285480665,
      "n_classes": 3,
      "n_predicted_classes": 3,
      "n_test": 125,
      "per_class_recall": [
        0.8,
        0.9655172413793104,
        0.9824561403508771
      ],
      "pred_counts": [
        11,
        58,
        56
      ],
      "pred_entropy": 0.9298958389531591,
      "pred_entropy_norm": 0.8464276692922376,
      "pred_top1_frac": 0.464,
      "pred_top2_frac": 0.448,
      "weighted_f1": 0.9609169827222924
    }
  },
  "n_features": 4,
  "n_rows": 625,
  "pdl_anchor_uncertainty": {
    "au_mean": 0.1824606085428968,
    "au_median": 0.008246349170804024,
    "au_norm_mean": 0.1660828032099485,
    "au_p10": 0.0010667859576642513,
    "au_p90": 0.774866783618927,
    "eu_mean": 4.338596109300852e-05,
    "eu_median": 3.6689452826976776e-06,
    "eu_norm_mean": 3.949160367176213e-05,
    "eu_p10": 4.624016582965851e-07,
    "eu_p90": 0.0001832127571105958,
    "kept_max": 32,
    "kept_mean": 32.0,
    "kept_min": 32,
    "n_classes": 3,
    "n_queries": 125,
    "n_support": 500,
    "topk": 32,
    "tu_mean": 0.18250399450398982,
    "tu_median": 0.008251499384641647,
    "tu_norm_mean": 0.16612229481362026,
    "tu_p10": 0.0010672077536582948,
    "tu_p90": 0.7750250339508057
  },
  "pdl_anchor_uncertainty_eval": {
    "au_err_ap": 0.4311513241660301,
    "au_err_auc": 0.9337606837606838,
    "au_mean_correct": 0.13951074115585727,
    "au_mean_wrong": 0.8106024190783501,
    "corr_au_margin": -0.9713390406450338,
    "corr_eu_margin": -0.6335240627266822,
    "corr_kept_eu": NaN,
    "corr_kept_tu": NaN,
    "corr_tu_margin": -0.9713160749178112,
    "err_rate": 0.064,
    "eu_err_ap": 0.4698808598808599,
    "eu_err_auc": 0.9391025641025641,
    "eu_mean_correct": 3.224303328997304e-05,
    "eu_mean_wrong": 0.00020635128021240234,
    "eu_min": 2.2188760340213776e-07,
    "eu_resid_abs_mean": 0.0,
    "frac_eu_negative": 0.0,
    "n": 125,
    "single_variant_acc": 0.936,
    "single_variant_macro_f1": 0.8649693171432302,
    "tu_err_ap": 0.4311513241660301,
    "tu_err_auc": 0.9337606837606838,
    "tu_mean_correct": 0.13954298418914723,
    "tu_mean_wrong": 0.8108087703585625
  },
  "pdl_gamma": {
    "ap": 0.9799404477354859,
    "auc": 0.9854074811772728,
    "gamma_diff_mean": 0.11048499406521077,
    "gamma_diff_p10": 0.013533871620893478,
    "gamma_diff_p90": 0.25626963376998907,
    "gamma_same_mean": 0.6721433313015065,
    "gamma_same_p10": 0.46942415833473206,
    "gamma_same_p90": 0.8507301211357117,
    "n_pairs_used": 124750,
    "n_support": 500
  },
  "pdl_topk_sweep": null,
  "pdlc_topk_tune": null,
  "seed": 42,
  "split": {
    "kind": "random_stratified",
    "seed": 42,
    "test_size": 0.2
  },
  "variant": {
    "X_shape": [
      625,
      4
    ],
    "class_shift_offset": 1,
    "feature_permutation": [
      0,
      1,
      2,
      3
    ],
    "label_map": {
      "0": "B",
      "1": "L",
      "2": "R"
    },
    "norm_method": "none",
    "support_mask": [
      true,
      true,
      true,
      true,
      true,
      true,
      true,
      true,
      true,
      true,
      true,
      true,
      true,
      true,
      true,
      true,
      true,
      true,
      true,
      true,
      true,
      true,
      true,
      true,
      true,
      true,
      true,
      true,
      true,
      true,
      true,
      true,
      true,
      true,
      true,
      true,
      true,
      true,
      true,
      true,
      true,
      true,
      true,
      true,
      true,
      true,
      true,
      true,
      true,
      true,
      true,
      true,
      true,
      true,
      true,
      true,
      true,
      true,
      true,
      true,
      true,
      true,
      true,
      true,
      true,
      true,
      true,
      true,
      true,
      true,
      true,
      true,
      true,
      true,
      true,
      true,
      true,
      true,
      true,
      true,
      true,
      true,
      true,
      true,
      true,
      true,
      true,
      true,
      true,
      true,
      true,
      true,
      true,
      true,
      true,
      true,
      true,
      true,
      true,
      true,
      true,
      true,
      true,
      true,
      true,
      true,
      true,
      true,
      true,
      true,
      true,
      true,
      true,
      true,
      true,
      true,
      true,
      true,
      true,
      true,
      true,
      true,
      true,
      true,
      true,
      true,
      true,
      true,
      true,
      true,
      true,
      true,
      true,
      true,
      true,
      true,
      true,
      true,
      true,
      true,
      true,
      true,
      true,
      true,
      true,
      true,
      true,
      true,
      true,
      true,
      true,
      true,
      true,
      true,
      true,
      true,
      true,
      true,
      true,
      true,
      true,
      true,
      true,
      true,
      true,
      true,
      true,
      true,
      true,
      true,
      true,
      true,
      true,
      true,
      true,
      true,
      true,
      true,
      true,
      true,
      true,
      true,
      true,
      true,
      true,
      true,
      true,
      true,
      true,
      true,
      true,
      true,
      true,
      true,
      true,
      true,
      true,
      true,
      true,
      true,
      true,
      true,
      true,
      true,
      true,
      true,
      true,
      true,
      true,
      true,
      true,
      true,
      true,
      true,
      true,
      true,
      true,
      true,
      true,
      true,
      true,
      true,
      true,
      true,
      true,
      true,
      true,
      true,
      true,
      true,
      true,
      true,
      true,
      true,
      true,
      true,
      true,
      true,
      true,
      true,
      true,
      true,
      true,
      true,
      true,
      true,
      true,
      true,
      true,
      true,
      true,
      true,
      true,
      true,
      true,
      true,
      true,
      true,
      true,
      true,
      true,
      true,
      true,
      true,
      true,
      true,
      true,
      true,
      true,
      true,
      true,
      true,
      true,
      true,
      true,
      true,
      true,
      true,
      true,
      true,
      true,
      true,
      true,
      true,
      true,
      true,
      true,
      true,
      true,
      true,
      true,
      true,
      true,
      true,
      true,
      true,
      true,
      true,
      true,
      true,
      true,
      true,
      true,
      true,
      true,
      true,
      true,
      true,
      true,
      true,
      true,
      true,
      true,
      true,
      true,
      true,
      true,
      true,
      true,
      true,
      true,
      true,
      true,
      true,
      true,
      true,
      true,
      true,
      true,
      true,
      true,
      true,
      true,
      true,
      true,
      true,
      true,
      true,
      true,
      true,
      true,
      true,
      true,
      true,
      true,
      true,
      true,
      true,
      true,
      true,
      true,
      true,
      true,
      true,
      true,
      true,
      true,
      true,
      true,
      true,
      true,
      true,
      true,
      true,
      true,
      true,
      true,
      true,
      true,
      true,
