class,recall
1,0.44403669724770645
2,0.29218106995884774
3,0.43315508021390375
4,0.2597402597402597
5,0.33974358974358976
6,0.8864526233359437
