topk,acc,macro_f1,weighted_f1,n_predicted_classes,pred_entropy_norm,pred_top1_frac,margin_median
,0.9098240469208211,0.6635185627157261,0.9328294434746817,2,0.5064270974905891,0.8878299120234604,0.9165302017487855
8.0,0.9120234604105572,0.6194196428571428,0.9315956221198157,2,0.43949698692151334,0.9090909090909091,0.9414390019701822
16.0,0.9120234604105572,0.6194196428571428,0.9315956221198157,2,0.43949698692151334,0.9090909090909091,0.9385993058776587
32.0,0.9112903225806451,0.6183697866446536,0.9311451873595702,2,0.4419277379941386,0.908357771260997,0.9359484086532589
64.0,0.9120234604105572,0.6236029986662374,0.9318312308151085,2,0.44434917375419514,0.907624633431085,0.9328207130414046
