class,recall
Bumps,0.0
Dirtiness,0.0
K_Scratch,0.4230769230769231
Other_Faults,1.0
Pastry,0.0
Stains,0.07142857142857142
Z_Scratch,0.02631578947368421
