class,recall
0,0.0158311345646438
1,0.9990283400809716
