class,recall
1,0.536697247706422
2,0.3402061855670103
3,0.4533333333333333
4,0.2682926829268293
5,0.456
6,0.8962818003913894
