class,recall
1,0.44587155963302755
2,0.2880658436213992
3,0.43315508021390375
4,0.262987012987013
5,0.33974358974358976
6,0.8880187940485513
