class,recall
False,0.9872340425531915
True,0.35714285714285715
