class,recall
0,0.3324538258575198
1,0.9522267206477733
