{
  "dataset_id": 11,
  "dataset_name": "balance-scale",
  "errors": [],
  "head_swap": null,
  "models": {
    "pdl": {
      "acc": 0.984,
      "binary_f1_pos": NaN,
      "confusion": [
        [
          10,
          0,
          0
        ],
        [
          1,
          56,
          1
        ],
        [
          0,
          0,
          57
        ]
      ],
      "macro_f1": 0.9753804801859722,
      "margin_mean": 0.9123053382513463,
      "margin_median": 0.9993123956373893,
      "margin_p10": 0.6829516962170601,
      "margin_p90": 0.9997585460092523,
      "n_classes": 3,
      "n_predicted_classes": 3,
      "n_test": 125,
      "per_class_recall": [
        1.0,
        0.9655172413793104,
        1.0
      ],
      "pred_counts": [
        11,
        56,
        58
      ],
      "pred_entropy": 0.9298958389531591,
      "pred_entropy_norm": 0.8464276692922376,
      "pred_top1_frac": 0.464,
      "pred_top2_frac": 0.448,
      "weighted_f1": 0.9840849079219788
    }
  },
  "n_features": 4,
  "n_rows": 625,
  "pdl_anchor_uncertainty": {
    "au_mean": 0.10520854877168313,
    "au_median": 0.0016090039862319827,
    "au_norm_mean": 0.09576494806846875,
    "au_p10": 0.0007111088605597615,
    "au_p90": 0.577070164680482,
    "eu_mean": 0.0004090267778374255,
    "eu_median": 1.4498364180326462e-06,
    "eu_norm_mean": 0.0003723122179284054,
    "eu_p10": 5.606561899185181e-07,
    "eu_p90": 0.00011223852634429933,
    "kept_max": 32,
    "kept_mean": 32.0,
    "kept_min": 32,
    "n_classes": 3,
    "n_queries": 125,
    "n_support": 500,
    "topk": 32,
    "tu_mean": 0.10561757554952055,
    "tu_median": 0.0016100058564916253,
    "tu_norm_mean": 0.09613726028639714,
    "tu_p10": 0.0007116636959835887,
    "tu_p90": 0.5772104620933544
  },
  "pdl_anchor_uncertainty_eval": {
    "au_err_ap": 0.7928571428571428,
    "au_err_auc": 0.9896694214876033,
    "au_mean_correct": 0.07913692454347572,
    "au_mean_wrong": 0.8938751816749573,
    "corr_au_margin": -0.9619376080617725,
    "corr_eu_margin": -0.43294334374352733,
    "corr_kept_eu": NaN,
    "corr_kept_tu": NaN,
    "corr_tu_margin": -0.9634942027829015,
    "err_rate": 0.032,
    "eu_err_ap": 0.6976190476190476,
    "eu_err_auc": 0.9607438016528926,
    "eu_mean_correct": 2.291051080173328e-05,
    "eu_mean_wrong": 0.012089043855667114,
    "eu_min": 3.936584107577801e-07,
    "eu_resid_abs_mean": 0.0,
    "frac_eu_negative": 0.0,
    "n": 125,
    "single_variant_acc": 0.968,
    "single_variant_macro_f1": 0.9217391304347826,
    "tu_err_ap": 0.7928571428571428,
    "tu_err_auc": 0.9896694214876033,
    "tu_mean_correct": 0.07915983505427746,
    "tu_mean_wrong": 0.9059642255306244
  },
  "pdl_gamma": {
    "ap": 0.9747369493482521,
    "auc": 0.9817536279000885,
    "gamma_diff_mean": 0.13171297913439303,
    "gamma_diff_p10": 0.02253390699625015,
    "gamma_diff_p90": 0.4745541691780095,
    "gamma_same_mean": 0.758646642039096,
    "gamma_same_p10": 0.5925801396369934,
    "gamma_same_p90": 0.8633396029472351,
    "n_pairs_used": 124750,
    "n_support": 500
  },
  "pdl_topk_sweep": null,
  "pdlc_topk_tune": null,
  "seed": 44,
  "split": {
    "kind": "random_stratified",
    "seed": 44,
    "test_size": 0.2
  },
  "variant": {
    "X_shape": [
      625,
      4
    ],
    "class_shift_offset": 2,
    "feature_permutation": [
      1,
      2,
      0,
      3
    ],
    "label_map": {
      "0": "B",
      "1": "L",
      "2": "R"
    },
    "norm_method": "none",
    "support_mask": [
      true,
      true,
      true,
      true,
      true,
      true,
      true,
      true,
      true,
      true,
      true,
      true,
      true,
      true,
      true,
      true,
      true,
      true,
      true,
      true,
      true,
      true,
      true,
      true,
      true,
      true,
      true,
      true,
      true,
      true,
      true,
      true,
      true,
      true,
      true,
      true,
      true,
      true,
      true,
      true,
      true,
      true,
      true,
      true,
      true,
      true,
      true,
      true,
      true,
      true,
      true,
      true,
      true,
      true,
      true,
      true,
      true,
      true,
      true,
      true,
      true,
      true,
      true,
      true,
      true,
      true,
      true,
      true,
      true,
      true,
      true,
      true,
      true,
      true,
      true,
      true,
      true,
      true,
      true,
      true,
      true,
      true,
      true,
      true,
      true,
      true,
      true,
      true,
      true,
      true,
      true,
      true,
      true,
      true,
      true,
      true,
      true,
      true,
      true,
      true,
      true,
      true,
      true,
      true,
      true,
      true,
      true,
      true,
      true,
      true,
      true,
      true,
      true,
      true,
      true,
      true,
      true,
      true,
      true,
      true,
      true,
      true,
      true,
      true,
      true,
      true,
      true,
      true,
      true,
      true,
      true,
      true,
      true,
      true,
      true,
      true,
      true,
      true,
      true,
      true,
      true,
      true,
      true,
      true,
      true,
      true,
      true,
      true,
      true,
      true,
      true,
      true,
      true,
      true,
      true,
      true,
      true,
      true,
      true,
      true,
      true,
      true,
      true,
      true,
      true,
      true,
      true,
      true,
      true,
      true,
      true,
      true,
      true,
      true,
      true,
      true,
      true,
      true,
      true,
      true,
      true,
      true,
      true,
      true,
      true,
      true,
      true,
      true,
      true,
      true,
      true,
      true,
      true,
      true,
      true,
      true,
      true,
      true,
      true,
      true,
      true,
      true,
      true,
      true,
      true,
      true,
      true,
      true,
      true,
      true,
      true,
      true,
      true,
      true,
      true,
      true,
      true,
      true,
      true,
      true,
      true,
      true,
      true,
      true,
      true,
      true,
      true,
      true,
      true,
      true,
      true,
      true,
      true,
      true,
      true,
      true,
      true,
      true,
      true,
      true,
      true,
      true,
      true,
      true,
      true,
      true,
      true,
      true,
      true,
      true,
      true,
      true,
      true,
      true,
      true,
      true,
      true,
      true,
      true,
      true,
      true,
      true,
      true,
      true,
      true,
      true,
      true,
      true,
      true,
      true,
      true,
      true,
      true,
      true,
      true,
      true,
      true,
      true,
      true,
      true,
      true,
      true,
      true,
      true,
      true,
      true,
      true,
      true,
      true,
      true,
      true,
      true,
      true,
      true,
      true,
      true,
      true,
      true,
      true,
      true,
      true,
      true,
      true,
      true,
      true,
      true,
      true,
      true,
      true,
      true,
      true,
      true,
      true,
      true,
      true,
      true,
      true,
      true,
      true,
      true,
      true,
      true,
      true,
      true,
      true,
      true,
      true,
      true,
      true,
      true,
      true,
      true,
      true,
      true,
      true,
      true,
      true,
      true,
      true,
      true,
      true,
      true,
      true,
      true,
      true,
      true,
      true,
      true,
      true,
      true,
      true,
      true,
      true,
      true,
      true,
      true,
      true,
      true,
      true,
      true,
      true,
      true,
      true,
      true,
      true,
      true,
      true,
      true,
      true,
      true,
      true,
