class,recall
False,0.5845410628019324
True,0.8666666666666667
