class,recall
g,0.9526435290301655
h,0.770933014354067
