class,recall
1,0.45688073394495415
2,0.23868312757201646
3,0.39037433155080214
4,0.24675324675324675
5,0.3173076923076923
6,0.9021143304620204
