{
  "dataset_id": 11,
  "dataset_name": "balance-scale",
  "head_swap": null,
  "models": {
    "pdl": {
      "acc": 0.9329073482428115,
      "binary_f1_pos": NaN,
      "confusion": [
        [
          18,
          5,
          2
        ],
        [
          6,
          138,
          0
        ],
        [
          8,
          0,
          136
        ]
      ],
      "macro_f1": 0.8525968094427384,
      "margin_mean": 0.853364339410015,
      "margin_median": 0.998871948570013,
      "margin_p10": 0.3951608985662461,
      "margin_p90": 0.9996630088746314,
      "n_classes": 3,
      "n_predicted_classes": 3,
      "n_test": 313,
      "per_class_recall": [
        0.72,
        0.9583333333333334,
        0.9444444444444444
      ],
      "pred_counts": [
        32,
        143,
        138
      ],
      "pred_entropy": 0.9521094538997308,
      "pred_entropy_norm": 0.8666473729817914,
      "pred_top1_frac": 0.45686900958466453,
      "pred_top2_frac": 0.44089456869009586,
      "weighted_f1": 0.9366259646722711
    }
  },
  "n_features": 4,
  "n_rows": 625,
  "pdl_gamma": {
    "ap": 0.9976154277586073,
    "auc": 0.9984130833376594,
    "gamma_diff_mean": 0.1227040593006913,
    "gamma_diff_p10": 0.0062079780735075476,
    "gamma_diff_p90": 0.29461919069290154,
    "gamma_same_mean": 0.8822577610549077,
    "gamma_same_p10": 0.7710714697837829,
    "gamma_same_p90": 0.968515682220459,
    "n_pairs_used": 48516,
    "n_support": 312
  },
  "pdl_weighted": {
    "anchor_val_frac": 0.2,
    "diag_uniform": {
      "acc": 0.9073482428115016,
      "binary_f1_pos": NaN,
      "confusion": [
        [
          0,
          11,
          14
        ],
        [
          0,
          144,
          0
        ],
        [
          0,
          4,
          140
        ]
      ],
      "macro_f1": 0.6300307883137307,
      "margin_mean": 0.7190719313276842,
      "margin_median": 0.8292765244841576,
      "margin_p10": 0.3378108561038971,
      "margin_p90": 0.8305591598153115,
      "n_classes": 3,
      "n_predicted_classes": 2,
      "n_test": 313,
      "per_class_recall": [
        0.0,
        1.0,
        0.9722222222222222
      ],
      "pred_counts": [
        0,
        159,
        154
      ],
      "pred_entropy": 0.6930195837519242,
      "pred_entropy_norm": 0.6308136099516042,
      "pred_top1_frac": 0.5079872204472844,
      "pred_top2_frac": 0.49201277955271566,
      "weighted_f1": 0.8695632605480245
    },
    "diag_weighted": {
      "acc": 0.8817891373801917,
      "binary_f1_pos": NaN,
      "confusion": [
        [
          0,
          15,
          10
        ],
        [
          0,
          144,
          0
        ],
        [
          0,
          12,
          132
        ]
      ],
      "macro_f1": 0.6124542124542125,
      "margin_mean": 0.7507838777239664,
      "margin_median": 0.7407508790493011,
      "margin_p10": 0.43091332316398623,
      "margin_p90": 0.9751814857125283,
      "n_classes": 3,
      "n_predicted_classes": 2,
      "n_test": 313,
      "per_class_recall": [
        0.0,
        1.0,
        0.9166666666666666
      ],
      "pred_counts": [
        0,
        171,
        142
      ],
      "pred_entropy": 0.6888488444017065,
      "pred_entropy_norm": 0.6270172393909998,
      "pred_top1_frac": 0.5463258785942492,
      "pred_top2_frac": 0.4536741214057508,
      "weighted_f1": 0.8453042165502228
    },
    "entropy_lambda": 0.0,
    "n_anchors": 249,
    "n_test": 313,
    "n_val": 63,
    "prune_lambda": 0.0,
    "prune_topm": null,
    "use_topk": null
  },
  "split": {
    "kind": "random_stratified",
    "seed": 0,
    "test_size": 0.5
  },
  "variant": {
    "X_shape": [
      625,
      4
    ],
    "class_shift_offset": 1,
    "feature_permutation": [
      0,
      1,
      2,
      3
    ],
    "label_map": {
      "0": "B",
      "1": "L",
      "2": "R"
    },
    "norm_method": "none",
    "support_mask": [
      true,
      true,
      true,
      true,
      true,
      true,
      true,
      true,
      true,
      true,
      true,
      true,
      true,
      true,
      true,
      true,
      true,
      true,
      true,
      true,
      true,
      true,
      true,
      true,
      true,
      true,
      true,
      true,
      true,
      true,
      true,
      true,
      true,
      true,
      true,
      true,
      true,
      true,
      true,
      true,
      true,
      true,
      true,
      true,
      true,
      true,
      true,
      true,
      true,
      true,
      true,
      true,
      true,
      true,
      true,
      true,
      true,
      true,
      true,
      true,
      true,
      true,
      true,
      true,
      true,
      true,
      true,
      true,
      true,
      true,
      true,
      true,
      true,
      true,
      true,
      true,
      true,
      true,
      true,
      true,
      true,
      true,
      true,
      true,
      true,
      true,
      true,
      true,
      true,
      true,
      true,
      true,
      true,
      true,
      true,
      true,
      true,
      true,
      true,
      true,
      true,
      true,
      true,
      true,
      true,
      true,
      true,
      true,
      true,
      true,
      true,
      true,
      true,
      true,
      true,
      true,
      true,
      true,
      true,
      true,
      true,
      true,
      true,
      true,
      true,
      true,
      true,
      true,
      true,
      true,
      true,
      true,
      true,
      true,
      true,
      true,
      true,
      true,
      true,
      true,
      true,
      true,
      true,
      true,
      true,
      true,
      true,
      true,
      true,
      true,
      true,
      true,
      true,
      true,
      true,
      true,
      true,
      true,
      true,
      true,
      true,
      true,
      true,
      true,
      true,
      true,
      true,
      true,
      true,
      true,
      true,
      true,
      true,
      true,
      true,
      true,
      true,
      true,
      true,
      true,
      true,
      true,
      true,
      true,
      true,
      true,
      true,
      true,
      true,
      true,
      true,
      true,
      true,
      true,
      true,
      true,
      true,
      true,
      true,
      true,
      true,
      true,
      true,
      true,
      true,
      true,
      true,
      true,
      true,
      true,
      true,
      true,
      true,
      true,
      true,
      true,
      true,
      true,
      true,
      true,
      true,
      true,
      true,
      true,
      true,
      true,
      true,
      true,
      true,
      true,
      true,
      true,
      true,
      true,
      true,
      true,
      true,
      true,
      true,
      true,
      true,
      true,
      true,
      true,
      true,
      true,
      true,
      true,
      true,
      true,
      true,
      true,
      true,
      true,
      true,
      true,
      true,
      true,
      true,
      true,
      true,
      true,
      true,
      true,
      true,
      true,
      true,
      true,
      true,
      true,
      true,
      true,
      true,
      true,
      true,
      true,
      true,
      true,
      true,
      true,
      true,
      true,
      true,
      true,
      true,
      true,
      true,
      true,
      true,
      true,
      true,
      true,
      true,
      true,
      true,
      true,
      true,
      true,
      true,
      true,
      true,
      true,
      true,
      true,
      true,
      true,
      true,
      true,
      true,
      true,
      true,
      true
    ],