class,recall
negative,0.9920948616600791
sick,0.7652173913043478
