class,recall
negative,0.9873060648801129
sick,0.717391304347826
