{
  "dataset_id": 1467,
  "dataset_name": "climate-model-simulation-crashes",
  "head_swap": null,
  "models": {
    "pdl": {
      "acc": 0.9074074074074074,
      "binary_f1_pos": 0.9514563106796117,
      "confusion": [
        [
          0,
          23
        ],
        [
          2,
          245
        ]
      ],
      "macro_f1": 0.47572815533980584,
      "margin_mean": 0.8484711911011901,
      "margin_median": 0.9140420965850353,
      "margin_p10": 0.6148533582687378,
      "margin_p90": 0.9803333783522248,
      "n_classes": 2,
      "n_predicted_classes": 2,
      "n_test": 270,
      "per_class_recall": [
        0.0,
        0.9919028340080972
      ],
      "pred_counts": [
        2,
        268
      ],
      "pred_entropy": 0.04371527330196929,
      "pred_entropy_norm": 0.06306780800385679,
      "pred_top1_frac": 0.9925925925925926,
      "pred_top2_frac": 0.007407407407407408,
      "weighted_f1": 0.8704063286587559
    }
  },
  "n_features": 20,
  "n_rows": 540,
  "pdl_gamma": {
    "ap": 1.0,
    "auc": 1.0,
    "gamma_diff_mean": 0.08939256092713471,
    "gamma_diff_p10": 0.05357692018151283,
    "gamma_diff_p90": 0.13135090470314026,
    "gamma_same_mean": 0.9191186110492536,
    "gamma_same_p10": 0.9001117646694183,
    "gamma_same_p90": 0.9386338055133819,
    "n_pairs_used": 36315,
    "n_support": 270
  },
  "pdl_weighted": {
    "anchor_val_frac": 0.2,
    "diag_uniform": {
      "acc": 0.9037037037037037,
      "binary_f1_pos": 0.9494163424124513,
      "confusion": [
        [
          0,
          23
        ],
        [
          3,
          244
        ]
      ],
      "macro_f1": 0.47470817120622566,
      "margin_mean": 0.8862260025358949,
      "margin_median": 0.9606120018288493,
      "margin_p10": 0.6754817590117455,
      "margin_p90": 0.9944104133639484,
      "n_classes": 2,
      "n_predicted_classes": 2,
      "n_test": 270,
      "per_class_recall": [
        0.0,
        0.9878542510121457
      ],
      "pred_counts": [
        3,
        267
      ],
      "pred_entropy": 0.06104703803959342,
      "pred_entropy_norm": 0.08807225904068133,
      "pred_top1_frac": 0.9888888888888889,
      "pred_top2_frac": 0.011111111111111112,
      "weighted_f1": 0.8685401354662055
    },
    "diag_weighted": {
      "acc": 0.9074074074074074,
      "binary_f1_pos": 0.9512670565302144,
      "confusion": [
        [
          1,
          22
        ],
        [
          3,
          244
        ]
      ],
      "macro_f1": 0.5126705653021442,
      "margin_mean": 0.8541510744046212,
      "margin_median": 0.9430501349270344,
      "margin_p10": 0.576700522005558,
      "margin_p90": 0.9900792757980525,
      "n_classes": 2,
      "n_predicted_classes": 2,
      "n_test": 270,
      "per_class_recall": [
        0.043478260869565216,
        0.9878542510121457
      ],
      "pred_counts": [
        4,
        266
      ],
      "pred_entropy": 0.07710641981166547,
      "pred_entropy_norm": 0.1112410494829923,
      "pred_top1_frac": 0.9851851851851852,
      "pred_top2_frac": 0.014814814814814815,
      "weighted_f1": 0.8765432098765432
    },
    "entropy_lambda": 0.0,
    "n_anchors": 216,
    "n_test": 270,
    "n_val": 54,
    "prune_lambda": 0.0,
    "prune_topm": null,
    "use_topk": null
  },
  "split": {
    "kind": "random_stratified",
    "seed": 1,
    "test_size": 0.5
  },
  "variant": {
    "X_shape": [
      540,
      20
    ],
    "class_shift_offset": 1,
    "feature_permutation": [
      16,
      4,
      5,
      10,
      9,
      19,
      1,
      0,
      18,
      12,
      14,
      6,
      15,
      11,
      8,
      17,
      3,
      7,
      2,
      13
    ],
    "label_map": {
      "0": "1",
      "1": "2"
    },
    "norm_method": "none",
    "support_mask": [
      true,
      true,
      true,
      true,
      true,
      true,
      true,
      true,
      true,
      true,
      true,
      true,
      true,
      true,
      true,
      true,
      true,
      true,
      true,
      true,
      true,
      true,
      true,
      true,
      true,
      true,
      true,
      true,
      true,
      true,
      true,
      true,
      true,
      true,
      true,
      true,
      true,
      true,
      true,
      true,
      true,
      true,
      true,
      true,
      true,
      true,
      true,
      true,
      true,
      true,
      true,
      true,
      true,
      true,
      true,
      true,
      true,
      true,
      true,
      true,
      true,
      true,
      true,
      true,
      true,
      true,
      true,
      true,
      true,
      true,
      true,
      true,
      true,
      true,
      true,
      true,
      true,
      true,
      true,
      true,
      true,
      true,
      true,
      true,
      true,
      true,
      true,
      true,
      true,
      true,
      true,
      true,
      true,
      true,
      true,
      true,
      true,
      true,
      true,
      true,
      true,
      true,
      true,
      true,
      true,
      true,
      true,
      true,
      true,
      true,
      true,
      true,
      true,
      true,
      true,
      true,
      true,
      true,
      true,
      true,
      true,
      true,
      true,
      true,
      true,
      true,
      true,
      true,
      true,
      true,
      true,
      true,
      true,
      true,
      true,
      true,
      true,
      true,
      true,
      true,
      true,
      true,
      true,
      true,
      true,
      true,
      true,
      true,
      true,
      true,
      true,
      true,
      true,
      true,
      true,
      true,
      true,
      true,
      true,
      true,
      true,
      true,
      true,
      true,
      true,
      true,
      true,
      true,
      true,
      true,
      true,
      true,
      true,
      true,
      true,
      true,
      true,
      true,
      true,
      true,
      true,
      true,
      true,
      true,
      true,
      true,
      true,
      true,
      true,
      true,
      true,
      true,
      true,
      true,
      true,
      true,
      true,
      true,
      true,
      true,
      true,
      true,
      true,
      true,
      true,
      true,
      true,
      true,
      true,
      true,
      true,
      true,
      true,
      true,
      true,
      true,
      true,
      true,
      true,
      true,
      true,
      true,
      true,
      true,
      true,
      true,
      true,
      true,
      true,
      true,
      true,
      true,
      true,
      true,
      true,
      true,
      true,
      true,
      true,
      true,
      true,
      true,
      true,
      true,
      true,
      true,
      true,
      true,
      true,
      true,
      true,
      true,
      true,
      true,
      true,
      true,
      true,
      true,
      true,
      true,
      true,
      true,
      true,
      true,
      true,
      true,
      true,
      true,
      true,
      true
    ],