class,recall
D,0.906934306569343
H,0.465
P,0.5476190476190477
R,0.5207373271889401
S,0.7745762711864407
