class,recall
B,0.8
L,0.9655172413793104
R,0.9824561403508771
