class,recall
1,0.9659863945578231
2,0.9714285714285714
3,0.9393939393939394
4,0.9636363636363636
