class,recall
acc,0.961038961038961
good,0.5714285714285714
unacc,0.9958677685950413
vgood,0.9230769230769231
