class,recall
negative,0.9791078486730661
sick,0.6521739130434783
