class,recall
acc,0.9791666666666666
good,0.9428571428571428
unacc,0.9950413223140496
vgood,1.0
