class,recall
False,0.9786821705426356
True,0.358974358974359
