class,recall
D,0.9653284671532847
H,0.125
P,0.42857142857142855
R,0.041474654377880185
S,0.7203389830508474
