class,recall
0,0.3034300791556728
1,0.9585425101214575
