class,recall
0,0.8287474332648871
1,0.3181818181818182
