{
  "dataset_id": 1467,
  "dataset_name": "climate-model-simulation-crashes",
  "errors": [],
  "head_swap": null,
  "models": {
    "pdl": {
      "acc": 0.8703703703703703,
      "binary_f1_pos": 0.9285714285714286,
      "confusion": [
        [
          3,
          6
        ],
        [
          8,
          91
        ]
      ],
      "macro_f1": 0.6142857142857143,
      "margin_mean": 0.7655547975316748,
      "margin_median": 0.9423136236146092,
      "margin_p10": 0.19120468199253082,
      "margin_p90": 0.9882128501310945,
      "n_classes": 2,
      "n_predicted_classes": 2,
      "n_test": 108,
      "per_class_recall": [
        0.3333333333333333,
        0.9191919191919192
      ],
      "pred_counts": [
        11,
        97
      ],
      "pred_entropy": 0.3291329593870881,
      "pred_entropy_norm": 0.4748384883008606,
      "pred_top1_frac": 0.8981481481481481,
      "pred_top2_frac": 0.10185185185185185,
      "weighted_f1": 0.8761904761904762
    }
  },
  "n_features": 20,
  "n_rows": 540,
  "pdl_anchor_uncertainty": {
    "au_mean": 0.2539496669131849,
    "au_median": 0.10512926429510117,
    "au_norm_mean": 0.3663719250910559,
    "au_p10": 0.01931765489280224,
    "au_p90": 0.6606113195419311,
    "eu_mean": 9.48226510512608e-06,
    "eu_median": 6.884336471557617e-06,
    "eu_norm_mean": 1.3680016843559863e-05,
    "eu_p10": 2.649053931236267e-06,
    "eu_p90": 1.57475471496582e-05,
    "kept_max": 32,
    "kept_mean": 32.0,
    "kept_min": 32,
    "n_classes": 2,
    "n_queries": 108,
    "n_support": 432,
    "topk": 32,
    "tu_mean": 0.25395914917829,
    "tu_median": 0.10513566806912422,
    "tu_norm_mean": 0.36638560510789947,
    "tu_p10": 0.019320262223482133,
    "tu_p90": 0.6606262028217316
  },
  "pdl_anchor_uncertainty_eval": {
    "au_err_ap": 0.6521139784585163,
    "au_err_auc": 0.9080547112462007,
    "au_mean_correct": 0.20305944618551022,
    "au_mean_wrong": 0.5956411489418575,
    "corr_au_margin": -0.9678597659181004,
    "corr_eu_margin": -0.41897550035493164,
    "corr_kept_eu": NaN,
    "corr_kept_tu": NaN,
    "corr_tu_margin": -0.9678576459399222,
    "err_rate": 0.12962962962962962,
    "eu_err_ap": 0.2142681533797507,
    "eu_err_auc": 0.7040273556231004,
    "eu_mean_correct": 9.266486232902141e-06,
    "eu_mean_wrong": 1.0931066104343959e-05,
    "eu_min": 9.015202522277832e-07,
    "eu_resid_abs_mean": 0.0,
    "frac_eu_negative": 0.0,
    "n": 108,
    "single_variant_acc": 0.8703703703703703,
    "single_variant_macro_f1": 0.5757575757575757,
    "tu_err_ap": 0.6521139784585163,
    "tu_err_auc": 0.9080547112462007,
    "tu_mean_correct": 0.20306871267174312,
    "tu_mean_wrong": 0.5956520800079618
  },
  "pdl_gamma": {
    "ap": 0.9999999987011753,
    "auc": 0.9999999930252822,
    "gamma_diff_mean": 0.07977710479333247,
    "gamma_diff_p10": 0.032807450741529465,
    "gamma_diff_p90": 0.13726198375225068,
    "gamma_same_mean": 0.7056387432718072,
    "gamma_same_p10": 0.5919164419174194,
    "gamma_same_p90": 0.7834282517433167,
    "n_pairs_used": 93096,
    "n_support": 432
  },
  "pdl_topk_sweep": null,
  "pdlc_topk_tune": null,
  "seed": 45,
  "split": {
    "kind": "random_stratified",
    "seed": 45,
    "test_size": 0.2
  },
  "variant": {
    "X_shape": [
      540,
      20
    ],
    "class_shift_offset": 1,
    "feature_permutation": [
      7,
      8,
      15,
      3,
      10,
      6,
      5,
      11,
      13,
      19,
      9,
      14,
      0,
      4,
      17,
      1,
      18,
      2,
      12,
      16
    ],
    "label_map": {
      "0": "1",
      "1": "2"
    },
    "norm_method": "none",
    "support_mask": [
      true,
      true,
      true,
      true,
      true,
      true,
      true,
      true,
      true,
      true,
      true,
      true,
      true,
      true,
      true,
      true,
      true,
      true,
      true,
      true,
      true,
      true,
      true,
      true,
      true,
      true,
      true,
      true,
      true,
      true,
      true,
      true,
      true,
      true,
      true,
      true,
      true,
      true,
      true,
      true,
      true,
      true,
      true,
      true,
      true,
      true,
      true,
      true,
      true,
      true,
      true,
      true,
      true,
      true,
      true,
      true,
      true,
      true,
      true,
      true,
      true,
      true,
      true,
      true,
      true,
      true,
      true,
      true,
      true,
      true,
      true,
      true,
      true,
      true,
      true,
      true,
      true,
      true,
      true,
      true,
      true,
      true,
      true,
      true,
      true,
      true,
      true,
      true,
      true,
      true,
      true,
      true,
      true,
      true,
      true,
      true,
      true,
      true,
      true,
      true,
      true,
      true,
      true,
      true,
      true,
      true,
      true,
      true,
      true,
      true,
      true,
      true,
      true,
      true,
      true,
      true,
      true,
      true,
      true,
      true,
      true,
      true,
      true,
      true,
      true,
      true,
      true,
      true,
      true,
      true,
      true,
      true,
      true,
      true,
      true,
      true,
      true,
      true,
      true,
      true,
      true,
      true,
      true,
      true,
      true,
      true,
      true,
      true,
      true,
      true,
      true,
      true,
      true,
      true,
      true,
      true,
      true,
      true,
      true,
      true,
      true,
      true,
      true,
      true,
      true,
      true,
      true,
      true,
      true,
      true,
      true,
      true,
      true,
      true,
      true,
      true,
      true,
      true,
      true,
      true,
      true,
      true,
      true,
      true,
      true,
      true,
      true,
      true,
      true,
      true,
      true,
      true,
      true,
      true,
      true,
      true,
      true,
      true,
      true,
      true,
      true,
      true,
      true,
      true,
      true,
      true,
      true,
      true,
      true,
      true,
      true,
      true,
      true,
      true,
      true,
      true,
      true,
      true,
      true,
      true,
      true,
      true,
      true,
      true,
      true,
      true,
      true,
      true,
      true,
      true,
      true,
      true,
      true,
      true,
      true,
      true,
      true,
      true,
      true,
      true,
      true,
      true,
      true,
      true,
      true,
      true,
      true,
      true,
      true,
      true,
      true,
      true,
      true,
      true,
      true,
      true,
      true,
      true,
      true,
      true,
      true,
      true,
      true,
      true,
      true,
      true,
      true,
      true,
      true,
      true,
      true,
      true,
      true,
      true,
      true,
      true,
      true,
      true,
      true,
      true,
      true,
      true,
      true,
      true,
      true,
      true,
      true,
      true,
      true,
      true,
      true,
      true,
      true,
      true,
      true,
      true,
      true,
      true,
      true,
      true,
      true,
      true,
      true,
      true,
      true,
      true,
      true,
      true,
      true,
      true,
      true,
      true,
      true,
      true,
      true,
      true,
      true,
      true,
      true,
      true,
      true,
      true,
      true,
      true,
      true,
      true,
      true,
      true,
      true,
      true,
      true,
      true,
      true,
      true,
      true,
      true,
      true,
      true,
      true,
      true,
      true,
      true,
      true,
      true,
      true,
      true,
      true,
      true,
      true,
      true,
      true,
      true,
      true,
      true,
      true,
      true,
      true,
      true,
      true,
      true,
