class,recall
False,0.9217081850533808
True,0.46875
