class,recall
acc,0.974025974025974
good,0.7857142857142857
unacc,1.0
vgood,1.0
