class,recall
False,0.5555555555555556
True,0.9333333333333333
