class,recall
No,0.9245454545454546
Yes,0.7454545454545455
