{
  "dataset_id": 1467,
  "dataset_name": "climate-model-simulation-crashes",
  "errors": [],
  "head_swap": null,
  "models": {
    "pdl": {
      "acc": 0.9259259259259259,
      "binary_f1_pos": 0.9603960396039604,
      "confusion": [
        [
          3,
          6
        ],
        [
          2,
          97
        ]
      ],
      "macro_f1": 0.6944837340876945,
      "margin_mean": 0.7597126122176027,
      "margin_median": 0.8970854934304953,
      "margin_p10": 0.20247590541839602,
      "margin_p90": 0.9895762742962688,
      "n_classes": 2,
      "n_predicted_classes": 2,
      "n_test": 108,
      "per_class_recall": [
        0.3333333333333333,
        0.9797979797979798
      ],
      "pred_counts": [
        5,
        103
      ],
      "pred_entropy": 0.18746201092215498,
      "pred_entropy_norm": 0.2704505135124657,
      "pred_top1_frac": 0.9537037037037037,
      "pred_top2_frac": 0.046296296296296294,
      "weighted_f1": 0.916077322017916
    }
  },
  "n_features": 20,
  "n_rows": 540,
  "pdl_anchor_uncertainty": {
    "au_mean": 0.27249674730140855,
    "au_median": 0.2029835283756256,
    "au_norm_mean": 0.39312970599011515,
    "au_p10": 0.04632053039968014,
    "au_p90": 0.6594978034496307,
    "eu_mean": 5.7935680228251e-06,
    "eu_median": 3.896653652191162e-06,
    "eu_norm_mean": 8.35835185558265e-06,
    "eu_p10": 1.4994293451309204e-06,
    "eu_p90": 8.344650268554688e-06,
    "kept_max": 32,
    "kept_mean": 32.0,
    "kept_min": 32,
    "n_classes": 2,
    "n_queries": 108,
    "n_support": 432,
    "topk": 32,
    "tu_mean": 0.2725025408694314,
    "tu_median": 0.2029864341020584,
    "tu_norm_mean": 0.39313806434197074,
    "tu_p10": 0.04632215835154057,
    "tu_p90": 0.6595080256462097
  },
  "pdl_anchor_uncertainty_eval": {
    "au_err_ap": 0.20396349468930114,
    "au_err_auc": 0.8150000000000001,
    "au_mean_correct": 0.25318343471735716,
    "au_mean_wrong": 0.5139131546020508,
    "corr_au_margin": -0.9574271790573081,
    "corr_eu_margin": -0.4614917615223668,
    "corr_kept_eu": NaN,
    "corr_kept_tu": NaN,
    "corr_tu_margin": -0.9574288080233646,
    "err_rate": 0.07407407407407407,
    "eu_err_ap": 0.35903851938162096,
    "eu_err_auc": 0.776875,
    "eu_mean_correct": 4.926081746816635e-06,
    "eu_mean_wrong": 1.6637146472930908e-05,
    "eu_min": 4.293397068977356e-07,
    "eu_resid_abs_mean": 0.0,
    "frac_eu_negative": 0.0,
    "n": 108,
    "single_variant_acc": 0.9259259259259259,
    "single_variant_macro_f1": 0.6470588235294118,
    "tu_err_ap": 0.20396349468930114,
    "tu_err_auc": 0.8150000000000001,
    "tu_mean_correct": 0.25318836079910395,
    "tu_mean_wrong": 0.5139297917485237
  },
  "pdl_gamma": {
    "ap": 0.9999070423138116,
    "auc": 0.9994832867518815,
    "gamma_diff_mean": 0.0942035425652559,
    "gamma_diff_p10": 0.02055872417986393,
    "gamma_diff_p90": 0.18605149686336517,
    "gamma_same_mean": 0.6129006082404599,
    "gamma_same_p10": 0.46274933218955994,
    "gamma_same_p90": 0.7108104825019836,
    "n_pairs_used": 93096,
    "n_support": 432
  },
  "pdl_topk_sweep": null,
  "pdlc_topk_tune": null,
  "seed": 44,
  "split": {
    "kind": "random_stratified",
    "seed": 44,
    "test_size": 0.2
  },
  "variant": {
    "X_shape": [
      540,
      20
    ],
    "class_shift_offset": 0,
    "feature_permutation": [
      9,
      8,
      16,
      7,
      4,
      10,
      5,
      0,
      18,
      12,
      13,
      6,
      1,
      14,
      15,
      3,
      11,
      2,
      17,
      19
    ],
    "label_map": {
      "0": "1",
      "1": "2"
    },
    "norm_method": "none",
    "support_mask": [
      true,
      true,
      true,
      true,
      true,
      true,
      true,
      true,
      true,
      true,
      true,
      true,
      true,
      true,
      true,
      true,
      true,
      true,
      true,
      true,
      true,
      true,
      true,
      true,
      true,
      true,
      true,
      true,
      true,
      true,
      true,
      true,
      true,
      true,
      true,
      true,
      true,
      true,
      true,
      true,
      true,
      true,
      true,
      true,
      true,
      true,
      true,
      true,
      true,
      true,
      true,
      true,
      true,
      true,
      true,
      true,
      true,
      true,
      true,
      true,
      true,
      true,
      true,
      true,
      true,
      true,
      true,
      true,
      true,
      true,
      true,
      true,
      true,
      true,
      true,
      true,
      true,
      true,
      true,
      true,
      true,
      true,
      true,
      true,
      true,
      true,
      true,
      true,
      true,
      true,
      true,
      true,
      true,
      true,
      true,
      true,
      true,
      true,
      true,
      true,
      true,
      true,
      true,
      true,
      true,
      true,
      true,
      true,
      true,
      true,
      true,
      true,
      true,
      true,
      true,
      true,
      true,
      true,
      true,
      true,
      true,
      true,
      true,
      true,
      true,
      true,
      true,
      true,
      true,
      true,
      true,
      true,
      true,
      true,
      true,
      true,
      true,
      true,
      true,
      true,
      true,
      true,
      true,
      true,
      true,
      true,
      true,
      true,
      true,
      true,
      true,
      true,
      true,
      true,
      true,
      true,
      true,
      true,
      true,
      true,
      true,
      true,
      true,
      true,
      true,
      true,
      true,
      true,
      true,
      true,
      true,
      true,
      true,
      true,
      true,
      true,
      true,
      true,
      true,
      true,
      true,
      true,
      true,
      true,
      true,
      true,
      true,
      true,
      true,
      true,
      true,
      true,
      true,
      true,
      true,
      true,
      true,
      true,
      true,
      true,
      true,
      true,
      true,
      true,
      true,
      true,
      true,
      true,
      true,
      true,
      true,
      true,
      true,
      true,
      true,
      true,
      true,
      true,
      true,
      true,
      true,
      true,
      true,
      true,
      true,
      true,
      true,
      true,
      true,
      true,
      true,
      true,
      true,
      true,
      true,
      true,
      true,
      true,
      true,
      true,
      true,
      true,
      true,
      true,
      true,
      true,
      true,
      true,
      true,
      true,
      true,
      true,
      true,
      true,
      true,
      true,
      true,
      true,
      true,
      true,
      true,
      true,
      true,
      true,
      true,
      true,
      true,
      true,
      true,
      true,
      true,
      true,
      true,
      true,
      true,
      true,
      true,
      true,
      true,
      true,
      true,
      true,
      true,
      true,
      true,
      true,
      true,
      true,
      true,
      true,
      true,
      true,
      true,
      true,
      true,
      true,
      true,
      true,
      true,
      true,
      true,
      true,
      true,
      true,
      true,
      true,
      true,
      true,
      true,
      true,
      true,
      true,
      true,
      true,
      true,
      true,
      true,
      true,
      true,
      true,
      true,
      true,
      true,
      true,
      true,
      true,
      true,
      true,
      true,
      true,
      true,
      true,
      true,
      true,
      true,
      true,
      true,
      true,
      true,
      true,
      true,
      true,
      true,
      true,
      true,
      true,
      true,
      true,
      true,
      true,
      true,
      true,
      true,
      true,
      true,
      true,
      true,
      true,
      true,
      true,
