{
  "dataset_id": 1467,
  "dataset_name": "climate-model-simulation-crashes",
  "errors": [],
  "head_swap": null,
  "models": {
    "pdl": {
      "acc": 0.9351851851851852,
      "binary_f1_pos": 0.9658536585365853,
      "confusion": [
        [
          2,
          7
        ],
        [
          0,
          99
        ]
      ],
      "macro_f1": 0.6647450110864745,
      "margin_mean": 0.8204641337700499,
      "margin_median": 0.9350589141249657,
      "margin_p10": 0.39999377727508545,
      "margin_p90": 0.9879657894838602,
      "n_classes": 2,
      "n_predicted_classes": 2,
      "n_test": 108,
      "per_class_recall": [
        0.2222222222222222,
        1.0
      ],
      "pred_counts": [
        2,
        106
      ],
      "pred_entropy": 0.0922160573371918,
      "pred_entropy_norm": 0.13303964861069892,
      "pred_top1_frac": 0.9814814814814815,
      "pred_top2_frac": 0.018518518518518517,
      "weighted_f1": 0.9156688839615668
    }
  },
  "n_features": 20,
  "n_rows": 540,
  "pdl_anchor_uncertainty": {
    "au_mean": 0.20888329083444895,
    "au_median": 0.105317872017622,
    "au_norm_mean": 0.30135488781142655,
    "au_p10": 0.02002782914787531,
    "au_p90": 0.6117808103561402,
    "eu_mean": 9.25550099324297e-06,
    "eu_median": 6.42240047454834e-06,
    "eu_norm_mean": 1.3352865383894508e-05,
    "eu_p10": 2.5787390768527985e-06,
    "eu_p90": 1.4200806617736813e-05,
    "kept_max": 32,
    "kept_mean": 32.0,
    "kept_min": 32,
    "n_classes": 2,
    "n_queries": 108,
    "n_support": 432,
    "topk": 32,
    "tu_mean": 0.2088925463354422,
    "tu_median": 0.10532400384545326,
    "tu_norm_mean": 0.30136824067681045,
    "tu_p10": 0.020029570534825326,
    "tu_p90": 0.6117874264717102
  },
  "pdl_anchor_uncertainty_eval": {
    "au_err_ap": 0.18571117335823217,
    "au_err_auc": 0.6895424836601307,
    "au_mean_correct": 0.20038802625940128,
    "au_mean_wrong": 0.3533027886102597,
    "corr_au_margin": -0.9659683735711112,
    "corr_eu_margin": -0.2674406787735645,
    "corr_kept_eu": NaN,
    "corr_kept_tu": NaN,
    "corr_tu_margin": -0.9659668621431595,
    "err_rate": 0.05555555555555555,
    "eu_err_ap": 0.08518603310269977,
    "eu_err_auc": 0.5645424836601307,
    "eu_mean_correct": 9.337202737144395e-06,
    "eu_mean_wrong": 7.866571346918741e-06,
    "eu_min": 1.2852251529693604e-06,
    "eu_resid_abs_mean": 0.0,
    "frac_eu_negative": 0.0,
    "n": 108,
    "single_variant_acc": 0.9444444444444444,
    "single_variant_macro_f1": 0.7708628005657708,
    "tu_err_ap": 0.18571117335823217,
    "tu_err_auc": 0.6895424836601307,
    "tu_mean_correct": 0.2003973634621384,
    "tu_mean_wrong": 0.3533106551816066
  },
  "pdl_gamma": {
    "ap": 1.0,
    "auc": 1.0,
    "gamma_diff_mean": 0.08007856389234276,
    "gamma_diff_p10": 0.03268335089087486,
    "gamma_diff_p90": 0.13874762654304504,
    "gamma_same_mean": 0.7133682682496768,
    "gamma_same_p10": 0.6085349321365356,
    "gamma_same_p90": 0.7855072617530823,
    "n_pairs_used": 93096,
    "n_support": 432
  },
  "pdl_topk_sweep": null,
  "pdlc_topk_tune": null,
  "seed": 42,
  "split": {
    "kind": "random_stratified",
    "seed": 42,
    "test_size": 0.2
  },
  "variant": {
    "X_shape": [
      540,
      20
    ],
    "class_shift_offset": 1,
    "feature_permutation": [
      16,
      4,
      5,
      10,
      9,
      19,
      1,
      0,
      18,
      12,
      14,
      6,
      15,
      11,
      8,
      17,
      3,
      7,
      2,
      13
    ],
    "label_map": {
      "0": "1",
      "1": "2"
    },
    "norm_method": "none",
    "support_mask": [
      true,
      true,
      true,
      true,
      true,
      true,
      true,
      true,
      true,
      true,
      true,
      true,
      true,
      true,
      true,
      true,
      true,
      true,
      true,
      true,
      true,
      true,
      true,
      true,
      true,
      true,
      true,
      true,
      true,
      true,
      true,
      true,
      true,
      true,
      true,
      true,
      true,
      true,
      true,
      true,
      true,
      true,
      true,
      true,
      true,
      true,
      true,
      true,
      true,
      true,
      true,
      true,
      true,
      true,
      true,
      true,
      true,
      true,
      true,
      true,
      true,
      true,
      true,
      true,
      true,
      true,
      true,
      true,
      true,
      true,
      true,
      true,
      true,
      true,
      true,
      true,
      true,
      true,
      true,
      true,
      true,
      true,
      true,
      true,
      true,
      true,
      true,
      true,
      true,
      true,
      true,
      true,
      true,
      true,
      true,
      true,
      true,
      true,
      true,
      true,
      true,
      true,
      true,
      true,
      true,
      true,
      true,
      true,
      true,
      true,
      true,
      true,
      true,
      true,
      true,
      true,
      true,
      true,
      true,
      true,
      true,
      true,
      true,
      true,
      true,
      true,
      true,
      true,
      true,
      true,
      true,
      true,
      true,
      true,
      true,
      true,
      true,
      true,
      true,
      true,
      true,
      true,
      true,
      true,
      true,
      true,
      true,
      true,
      true,
      true,
      true,
      true,
      true,
      true,
      true,
      true,
      true,
      true,
      true,
      true,
      true,
      true,
      true,
      true,
      true,
      true,
      true,
      true,
      true,
      true,
      true,
      true,
      true,
      true,
      true,
      true,
      true,
      true,
      true,
      true,
      true,
      true,
      true,
      true,
      true,
      true,
      true,
      true,
      true,
      true,
      true,
      true,
      true,
      true,
      true,
      true,
      true,
      true,
      true,
      true,
      true,
      true,
      true,
      true,
      true,
      true,
      true,
      true,
      true,
      true,
      true,
      true,
      true,
      true,
      true,
      true,
      true,
      true,
      true,
      true,
      true,
      true,
      true,
      true,
      true,
      true,
      true,
      true,
      true,
      true,
      true,
      true,
      true,
      true,
      true,
      true,
      true,
      true,
      true,
      true,
      true,
      true,
      true,
      true,
      true,
      true,
      true,
      true,
      true,
      true,
      true,
      true,
      true,
      true,
      true,
      true,
      true,
      true,
      true,
      true,
      true,
      true,
      true,
      true,
      true,
      true,
      true,
      true,
      true,
      true,
      true,
      true,
      true,
      true,
      true,
      true,
      true,
      true,
      true,
      true,
      true,
      true,
      true,
      true,
      true,
      true,
      true,
      true,
      true,
      true,
      true,
      true,
      true,
      true,
      true,
      true,
      true,
      true,
      true,
      true,
      true,
      true,
      true,
      true,
      true,
      true,
      true,
      true,
      true,
      true,
      true,
      true,
      true,
      true,
      true,
      true,
      true,
      true,
      true,
      true,
      true,
      true,
      true,
      true,
      true,
      true,
      true,
      true,
      true,
      true,
      true,
      true,
      true,
      true,
      true,
      true,
      true,
      true,
      true,
      true,
      true,
      true,
      true,
      true,
      true,
      true,
      true,
      true,
      true,
      true,
      true,
      true,
      true,
      true,
      true,
      true,
      true,
      true,
      true,
      true,
      true,
      true,
      true,
