class,recall
False,0.9767441860465116
True,0.4358974358974359
