class,recall
negative,0.6304654442877292
sick,0.6086956521739131
