class,recall
D,0.7354014598540146
H,0.035
P,0.04047619047619048
R,0.10599078341013825
S,0.9389830508474576
