class,recall
acc,0.953125
good,0.6
unacc,0.9884297520661157
vgood,0.90625
