class,recall
B,0.24
L,0.9513888888888888
R,0.9583333333333334
