class,recall
1,0.463302752293578
2,0.030927835051546393
3,0.24
4,0.0
5,0.008
6,0.8590998043052838
