class,recall
1,0.9773242630385488
2,0.9619047619047619
3,0.9393939393939394
4,0.806060606060606
