class,recall
False,0.9898936170212767
True,0.2857142857142857
