class,recall
1,0.9934497816593887
2,0.9230769230769231
