{
  "dataset_id": 11,
  "dataset_name": "balance-scale",
  "errors": [],
  "head_swap": null,
  "models": {
    "pdl": {
      "acc": 0.968,
      "binary_f1_pos": NaN,
      "confusion": [
        [
          8,
          2,
          0
        ],
        [
          2,
          56,
          0
        ],
        [
          0,
          0,
          57
        ]
      ],
      "macro_f1": 0.9218390804597701,
      "margin_mean": 0.9176459491678397,
      "margin_median": 0.9991196349728853,
      "margin_p10": 0.6362374737858772,
      "margin_p90": 0.9997739708298468,
      "n_classes": 3,
      "n_predicted_classes": 3,
      "n_test": 125,
      "per_class_recall": [
        0.8,
        0.9655172413793104,
        1.0
      ],
      "pred_counts": [
        10,
        58,
        57
      ],
      "pred_entropy": 0.9164299948366841,
      "pred_entropy_norm": 0.8341705297577798,
      "pred_top1_frac": 0.464,
      "pred_top2_frac": 0.456,
      "weighted_f1": 0.968
    }
  },
  "n_features": 4,
  "n_rows": 625,
  "pdl_gamma": {
    "ap": 0.9890688071564062,
    "auc": 0.9913080447250504,
    "gamma_diff_mean": 0.11211068642440469,
    "gamma_diff_p10": 0.010838182270526886,
    "gamma_diff_p90": 0.2625072419643404,
    "gamma_same_mean": 0.6538628610080703,
    "gamma_same_p10": 0.4869629144668579,
    "gamma_same_p90": 0.8440659642219543,
    "n_pairs_used": 124750,
    "n_support": 500
  },
  "pdl_topk_sweep": {
    "agg": "posterior_avg",
    "rows": [
      {
        "acc": 0.92,
        "macro_f1": 0.6388869597425747,
        "margin_median": 0.8265823698386324,
        "n_predicted_classes": 2,
        "pred_entropy_norm": 0.6309006256055024,
        "pred_top1_frac": 0.504,
        "topk": null,
        "weighted_f1": 0.8816667824154456
      },
      {
        "acc": 0.968,
        "macro_f1": 0.9218390804597701,
        "margin_median": 0.9988084123543132,
        "n_predicted_classes": 3,
        "pred_entropy_norm": 0.8341705297577798,
        "pred_top1_frac": 0.464,
        "topk": 8,
        "weighted_f1": 0.968
      },
      {
        "acc": 0.968,
        "macro_f1": 0.9218390804597701,
        "margin_median": 0.9987798637355589,
        "n_predicted_classes": 3,
        "pred_entropy_norm": 0.8341705297577798,
        "pred_top1_frac": 0.464,
        "topk": 16,
        "weighted_f1": 0.968
      },
      {
        "acc": 0.96,
        "macro_f1": 0.9161384665809443,
        "margin_median": 0.9987396435877318,
        "n_predicted_classes": 3,
        "pred_entropy_norm": 0.8339172138704339,
        "pred_top1_frac": 0.472,
        "topk": 32,
        "weighted_f1": 0.9601355419408517
      },
      {
        "acc": 0.952,
        "macro_f1": 0.8923816967046384,
        "margin_median": 0.9986768935732556,
        "n_predicted_classes": 3,
        "pred_entropy_norm": 0.8205539203562213,
        "pred_top1_frac": 0.48,
        "topk": 64,
        "weighted_f1": 0.9513187498519812
      }
    ]
  },
  "pdlc_topk_tune": null,
  "seed": 43,
  "split": {
    "kind": "random_stratified",
    "seed": 43,
    "test_size": 0.2
  },
  "variant": {
    "X_shape": [
      625,
      4
    ],
    "class_shift_offset": 0,
    "feature_permutation": [
      0,
      1,
      2,
      3
    ],
    "label_map": {
      "0": "B",
      "1": "L",
      "2": "R"
    },
    "norm_method": "none",
    "support_mask": [
      true,
      true,
      true,
      true,
      true,
      true,
      true,
      true,
      true,
      true,
      true,
      true,
      true,
      true,
      true,
      true,
      true,
      true,
      true,
      true,
      true,
      true,
      true,
      true,
      true,
      true,
      true,
      true,
      true,
      true,
      true,
      true,
      true,
      true,
      true,
      true,
      true,
      true,
      true,
      true,
      true,
      true,
      true,
      true,
      true,
      true,
      true,
      true,
      true,
      true,
      true,
      true,
      true,
      true,
      true,
      true,
      true,
      true,
      true,
      true,
      true,
      true,
      true,
      true,
      true,
      true,
      true,
      true,
      true,
      true,
      true,
      true,
      true,
      true,
      true,
      true,
      true,
      true,
      true,
      true,
      true,
      true,
      true,
      true,
      true,
      true,
      true,
      true,
      true,
      true,
      true,
      true,
      true,
      true,
      true,
      true,
      true,
      true,
      true,
      true,
      true,
      true,
      true,
      true,
      true,
      true,
      true,
      true,
      true,
      true,
      true,
      true,
      true,
      true,
      true,
      true,
      true,
      true,
      true,
      true,
      true,
      true,
      true,
      true,
      true,
      true,
      true,
      true,
      true,
      true,
      true,
      true,
      true,
      true,
      true,
      true,
      true,
      true,
      true,
      true,
      true,
      true,
      true,
      true,
      true,
      true,
      true,
      true,
      true,
      true,
      true,
      true,
      true,
      true,
      true,
      true,
      true,
      true,
      true,
      true,
      true,
      true,
      true,
      true,
      true,
      true,
      true,
      true,
      true,
      true,
      true,
      true,
      true,
      true,
      true,
      true,
      true,
      true,
      true,
      true,
      true,
      true,
      true,
      true,
      true,
      true,
      true,
      true,
      true,
      true,
      true,
      true,
      true,
      true,
      true,
      true,
      true,
      true,
      true,
      true,
      true,
      true,
      true,
      true,
      true,
      true,
      true,
      true,
      true,
      true,
      true,
      true,
      true,
      true,
      true,
      true,
      true,
      true,
      true,
      true,
      true,
      true,
      true,
      true,
      true,
      true,
      true,
      true,
      true,
      true,
      true,
      true,
      true,
      true,
      true,
      true,
      true,
      true,
      true,
      true,
      true,
      true,
      true,
      true,
      true,
      true,
      true,
      true,
      true,
      true,
      true,
      true,
      true,
      true,
      true,
      true,
      true,
      true,
      true,
      true,
      true,
      true,
      true,
      true,
      true,
      true,
      true,
      true,
      true,
      true,
      true,
      true,
      true,
      true,
      true,
      true,
      true,
      true,
      true,
      true,
      true,
      true,
      true,
      true,
      true,
      true,
      true,
      true,
      true,
      true,
      true,
      true,
      true,
      true,
      true,
      true,
      true,
      true,
      true,
      true,
      true,
      true,
      true,
      true,
      true,
      true,
      true,
      true,
      true,
      true,
      true,
      true,
      true,
      true,
      true,
      true,
      true,
      true,
      true,
      true,
      true,
      true,
      true,
      true,
      true,
      true,
      true,
      true,
      true,
      true,
      true,
      true,
      true,
      true,
      true,
      true,
      true,
      true,
      true,
      true,
      true,
      true,
      true,
      true,
      true,
      true,
      true,
      true,
      true,
      true,
      true,
      true,
      true,
      true,
      true,
      true,
      true,
      true,
      true,
      true,
      true,
      true,
      true,
      true,
      true,
      true,
      true,
      true,
      true,
      true,
      true,
      true,
      true,
      true,
      true,
      true,
      true,
      true,
      true,
      true,
      true,
      true,
      true,
      true,
