class,recall
1,0.9682539682539683
2,0.9738095238095238
3,0.9545454545454546
4,0.9515151515151515
