class,recall
1,0.5321100917431193
2,0.30927835051546393
3,0.4266666666666667
4,0.2926829268292683
5,0.352
6,0.8845401174168297
