{
  "dataset_id": 11,
  "dataset_name": "balance-scale",
  "errors": [],
  "head_swap": null,
  "models": {
    "pdl": {
      "acc": 0.9169329073482428,
      "binary_f1_pos": NaN,
      "confusion": [
        [
          7,
          14,
          4
        ],
        [
          0,
          142,
          2
        ],
        [
          2,
          4,
          138
        ]
      ],
      "macro_f1": 0.7681028551771586,
      "margin_mean": 0.8340754021933048,
      "margin_median": 0.9985517656314187,
      "margin_p10": 0.2976750135421753,
      "margin_p90": 0.9997863911368767,
      "n_classes": 3,
      "n_predicted_classes": 3,
      "n_test": 313,
      "per_class_recall": [
        0.28,
        0.9861111111111112,
        0.9583333333333334
      ],
      "pred_counts": [
        9,
        160,
        144
      ],
      "pred_entropy": 0.8022544788073023,
      "pred_entropy_norm": 0.7302434963474753,
      "pred_top1_frac": 0.5111821086261981,
      "pred_top2_frac": 0.46006389776357826,
      "weighted_f1": 0.9035796595416375
    }
  },
  "n_features": 4,
  "n_rows": 625,
  "pdl_gamma": {
    "ap": 0.99635760506482,
    "auc": 0.9970220525268176,
    "gamma_diff_mean": 0.09090240451070242,
    "gamma_diff_p10": 0.007652657339349389,
    "gamma_diff_p90": 0.20564289838075636,
    "gamma_same_mean": 0.7020016963428891,
    "gamma_same_p10": 0.5138532638549804,
    "gamma_same_p90": 0.876020759344101,
    "n_pairs_used": 48516,
    "n_support": 312
  },
  "pdl_weighted": {
    "anchor_val_frac": 0.2,
    "diag_uniform": {
      "acc": 0.8881789137380192,
      "binary_f1_pos": NaN,
      "confusion": [
        [
          0,
          16,
          9
        ],
        [
          0,
          144,
          0
        ],
        [
          0,
          10,
          134
        ]
      ],
      "macro_f1": 0.6169984538789883,
      "margin_mean": 0.7192037386206773,
      "margin_median": 0.8303431496024132,
      "margin_p10": 0.34736226797103886,
      "margin_p90": 0.8308122158050537,
      "n_classes": 3,
      "n_predicted_classes": 2,
      "n_test": 313,
      "per_class_recall": [
        0.0,
        1.0,
        0.9305555555555556
      ],
      "pred_counts": [
        0,
        170,
        143
      ],
      "pred_entropy": 0.6894219879020982,
      "pred_entropy_norm": 0.6275389370875426,
      "pred_top1_frac": 0.5431309904153354,
      "pred_top2_frac": 0.45686900958466453,
      "weighted_f1": 0.851576140817006
    },
    "diag_weighted": {
      "acc": 0.8785942492012779,
      "binary_f1_pos": NaN,
      "confusion": [
        [
          0,
          20,
          5
        ],
        [
          0,
          144,
          0
        ],
        [
          0,
          13,
          131
        ]
      ],
      "macro_f1": 0.6109701824655095,
      "margin_mean": 0.7698849535550172,
      "margin_median": 0.7549227774143219,
      "margin_p10": 0.5608628213405609,
      "margin_p90": 0.9613048423081636,
      "n_classes": 3,
      "n_predicted_classes": 2,
      "n_test": 313,
      "per_class_recall": [
        0.0,
        1.0,
        0.9097222222222222
      ],
      "pred_counts": [
        0,
        177,
        136
      ],
      "pred_entropy": 0.6845432316721953,
      "pred_entropy_norm": 0.623098101789935,
      "pred_top1_frac": 0.5654952076677316,
      "pred_top2_frac": 0.43450479233226835,
      "weighted_f1": 0.8432559706872207
    },
    "entropy_lambda": 0.0,
    "n_anchors": 249,
    "n_test": 313,
    "n_val": 63,
    "prune_lambda": 0.0,
    "prune_topm": null,
    "use_topk": null
  },
  "pdlc_topk_tune": null,
  "split": {
    "kind": "random_stratified",
    "seed": 0,
    "test_size": 0.5
  },
  "variant": {
    "X_shape": [
      625,
      4
    ],
    "class_shift_offset": 1,
    "feature_permutation": [
      0,
      1,
      2,
      3
    ],
    "label_map": {
      "0": "B",
      "1": "L",
      "2": "R"
    },
    "norm_method": "none",
    "support_mask": [
      true,
      true,
      true,
      true,
      true,
      true,
      true,
      true,
      true,
      true,
      true,
      true,
      true,
      true,
      true,
      true,
      true,
      true,
      true,
      true,
      true,
      true,
      true,
      true,
      true,
      true,
      true,
      true,
      true,
      true,
      true,
      true,
      true,
      true,
      true,
      true,
      true,
      true,
      true,
      true,
      true,
      true,
      true,
      true,
      true,
      true,
      true,
      true,
      true,
      true,
      true,
      true,
      true,
      true,
      true,
      true,
      true,
      true,
      true,
      true,
      true,
      true,
      true,
      true,
      true,
      true,
      true,
      true,
      true,
      true,
      true,
      true,
      true,
      true,
      true,
      true,
      true,
      true,
      true,
      true,
      true,
      true,
      true,
      true,
      true,
      true,
      true,
      true,
      true,
      true,
      true,
      true,
      true,
      true,
      true,
      true,
      true,
      true,
      true,
      true,
      true,
      true,
      true,
      true,
      true,
      true,
      true,
      true,
      true,
      true,
      true,
      true,
      true,
      true,
      true,
      true,
      true,
      true,
      true,
      true,
      true,
      true,
      true,
      true,
      true,
      true,
      true,
      true,
      true,
      true,
      true,
      true,
      true,
      true,
      true,
      true,
      true,
      true,
      true,
      true,
      true,
      true,
      true,
      true,
      true,
      true,
      true,
      true,
      true,
      true,
      true,
      true,
      true,
      true,
      true,
      true,
      true,
      true,
      true,
      true,
      true,
      true,
      true,
      true,
      true,
      true,
      true,
      true,
      true,
      true,
      true,
      true,
      true,
      true,
      true,
      true,
      true,
      true,
      true,
      true,
      true,
      true,
      true,
      true,
      true,
      true,
      true,
      true,
      true,
      true,
      true,
      true,
      true,
      true,
      true,
      true,
      true,
      true,
      true,
      true,
      true,
      true,
      true,
      true,
      true,
      true,
      true,
      true,
      true,
      true,
      true,
      true,
      true,
      true,
      true,
      true,
      true,
      true,
      true,
      true,
      true,
      true,
      true,
      true,
      true,
      true,
      true,
      true,
      true,
      true,
      true,
      true,
      true,
      true,
      true,
      true,
      true,
      true,
      true,
      true,
      true,
      true,
      true,
      true,
      true,
      true,
      true,
      true,
      true,
      true,
      true,
      true,
      true,
      true,
      true,
      true,
      true,
      true,
      true,
      true,
      true,
      true,
      true,
      true,
      true,
      true,
      true,
      true,
      true,
      true,
      true,
      true,
      true,
      true,
      true,
      true,
      true,
      true,
      true,
      true,
      true,
      true,
      true,
      true,
      true,
      true,
      true,
      true,
      true,
      true,
      true,
      true,
      true,
      true,
      true,
      true,
      true,
      true,
      true,
      true,
      true,
      true,
      true,
      true,
      true,
      true,
      true,
      true,
      true,
      true,
      true,
      true
    ],