class,recall
g,0.941939669153422
h,0.7897727272727273
