class,recall
-1,0.9981693363844394
1,0.5961538461538461
