topk,score,acc,macro_f1,weighted_f1,n_predicted_classes,pred_entropy_norm,margin_median
,0.6644251271116943,0.9164222873900293,0.6644251271116943,0.9364626706947361,2,0.47270299037293684,0.92657890590211
8.0,0.6516426936907486,0.9266862170087976,0.6516426936907486,0.9412099674150312,2,0.3992793140377076,0.9521298474076881
16.0,0.649017649017649,0.9252199413489736,0.649017649017649,0.9402855209306822,2,0.4044483864864384,0.9504465756554689
32.0,0.649017649017649,0.9252199413489736,0.649017649017649,0.9402855209306822,2,0.4044483864864384,0.9481374787124907
64.0,0.649017649017649,0.9252199413489736,0.649017649017649,0.9402855209306822,2,0.4044483864864384,0.9457178745157605
128.0,0.6521847906623173,0.9222873900293255,0.6521847906623173,0.9389160026359465,2,0.4247129966982168,0.9430870544255956
