class,recall
-1,0.9967963386727688
1,0.5769230769230769
