class,recall
D,0.8774617067833698
H,0.3907815631262525
P,0.5262154432793136
R,0.46408839779005523
S,0.744406779661017
