class,recall
acc,1.0
good,0.9285714285714286
unacc,1.0
vgood,0.9230769230769231
