class,recall
1,0.9483227561196736
2,0.9713740458015268
3,0.9451219512195121
4,0.9418886198547215
