class,recall
Left,0.1717171717171717
Stayed,0.9734982332155477
