class,recall
No,0.9242424242424242
Yes,0.5227272727272727
