class,recall
Bumps,0.0
Dirtiness,0.0
K_Scratch,0.5897435897435898
Other_Faults,0.9925925925925926
Pastry,0.0
Stains,0.35714285714285715
Z_Scratch,0.07894736842105263
