class,recall
B,0.8
L,0.9824561403508771
R,0.8620689655172413
