class,recall
No,0.996969696969697
Yes,0.06818181818181818
