class,recall
1,0.9546485260770975
2,0.9619047619047619
3,0.9393939393939394
4,0.9696969696969697
