class,recall
1,0.9705215419501134
2,0.9761904761904762
3,0.9696969696969697
4,0.9757575757575757
