class,recall
0,0.316622691292876
1,0.9567611336032389
