class,recall
1,0.9727891156462585
2,0.9619047619047619
3,0.9848484848484849
4,0.9575757575757575
