class,recall
D,0.8716265499635303
H,0.4468937875751503
P,0.5653002859866539
R,0.5064456721915286
S,0.7423728813559322
