class,recall
1,0.9392014519056261
2,0.9723546234509056
3,0.9512195121951219
4,0.9443099273607748
