class,recall
1,0.4036697247706422
2,0.030927835051546393
3,0.4066666666666667
4,0.2601626016260163
5,0.176
6,0.9041095890410958
