class,recall
False,0.9516908212560387
True,0.4666666666666667
