class,recall
No,0.9946969696969697
Yes,0.22727272727272727
