class,recall
1,0.9863945578231292
2,0.8904761904761904
3,0.9393939393939394
4,0.8666666666666667
