class,recall
1,0.2222222222222222
2,0.9696969696969697
