class,recall
1,0.9523809523809523
2,0.969047619047619
3,0.9242424242424242
4,0.9696969696969697
