class,recall
1,0.5596330275229358
2,0.36082474226804123
3,0.46
4,0.2764227642276423
5,0.344
6,0.9021526418786693
