class,recall
D,0.8941605839416058
H,0.495
P,0.5571428571428572
R,0.5069124423963134
S,0.7813559322033898
