class,recall
1,0.5
2,0.29896907216494845
3,0.4
4,0.2764227642276423
5,0.456
6,0.9041095890410958
