class,recall
negative,0.9788434414668548
sick,0.5869565217391305
