class,recall
acc,0.987012987012987
good,0.9285714285714286
unacc,1.0
vgood,1.0
