class,recall
1,0.9682683590208522
2,0.9742366412213741
3,0.0
4,0.7457627118644068
