class,recall
B,0.72
L,0.9236111111111112
R,0.9236111111111112
