class,recall
1,0.9483227561196736
2,0.9694656488549618
3,0.975609756097561
4,0.9322033898305084
