class,recall
D,0.8923357664233577
H,0.5
P,0.5785714285714286
R,0.4930875576036866
S,0.7728813559322034
