{
  "dataset_id": 11,
  "dataset_name": "balance-scale",
  "head_swap": null,
  "models": {
    "pdl": {
      "acc": 0.9137380191693291,
      "binary_f1_pos": NaN,
      "confusion": [
        [
          20,
          0,
          5
        ],
        [
          15,
          129,
          0
        ],
        [
          7,
          0,
          137
        ]
      ],
      "macro_f1": 0.8333706094900125,
      "margin_mean": 0.8543273788734473,
      "margin_median": 0.9993769091088325,
      "margin_p10": 0.40390177965164187,
      "margin_p90": 0.9997553395558498,
      "n_classes": 3,
      "n_predicted_classes": 3,
      "n_test": 313,
      "per_class_recall": [
        0.8,
        0.8958333333333334,
        0.9513888888888888
      ],
      "pred_counts": [
        42,
        129,
        142
      ],
      "pred_entropy": 0.9934064930643187,
      "pred_entropy_norm": 0.9042375579729441,
      "pred_top1_frac": 0.4536741214057508,
      "pred_top2_frac": 0.41214057507987223,
      "weighted_f1": 0.9232310772532984
    }
  },
  "n_features": 4,
  "n_rows": 625,
  "pdl_gamma": {
    "ap": 0.9992583855632725,
    "auc": 0.9995384693758474,
    "gamma_diff_mean": 0.1101597270501484,
    "gamma_diff_p10": 0.006052960036322475,
    "gamma_diff_p90": 0.2578516393899917,
    "gamma_same_mean": 0.8952008382882655,
    "gamma_same_p10": 0.8163369715213775,
    "gamma_same_p90": 0.9723767518997193,
    "n_pairs_used": 48516,
    "n_support": 312
  },
  "pdl_weighted": {
    "anchor_val_frac": 0.2,
    "diag_uniform": {
      "acc": 0.9105431309904153,
      "binary_f1_pos": NaN,
      "confusion": [
        [
          0,
          11,
          14
        ],
        [
          0,
          142,
          2
        ],
        [
          0,
          1,
          143
        ]
      ],
      "macro_f1": 0.6323048412223772,
      "margin_mean": 0.7025993669185394,
      "margin_median": 0.8299221470952034,
      "margin_p10": 0.21259515881538393,
      "margin_p90": 0.8306556552648544,
      "n_classes": 3,
      "n_predicted_classes": 2,
      "n_test": 313,
      "per_class_recall": [
        0.0,
        0.9861111111111112,
        0.9930555555555556
      ],
      "pred_counts": [
        0,
        154,
        159
      ],
      "pred_entropy": 0.6930195837519242,
      "pred_entropy_norm": 0.6308136099516042,
      "pred_top1_frac": 0.5079872204472844,
      "pred_top2_frac": 0.49201277955271566,
      "weighted_f1": 0.8727018894826423
    },
    "diag_weighted": {
      "acc": 0.9105431309904153,
      "binary_f1_pos": NaN,
      "confusion": [
        [
          20,
          3,
          2
        ],
        [
          15,
          129,
          0
        ],
        [
          8,
          0,
          136
        ]
      ],
      "macro_f1": 0.8291856366351659,
      "margin_mean": 0.3718606717765522,
      "margin_median": 0.41420599818229675,
      "margin_p10": 0.12196758389472963,
      "margin_p90": 0.48063635230064394,
      "n_classes": 3,
      "n_predicted_classes": 3,
      "n_test": 313,
      "per_class_recall": [
        0.8,
        0.8958333333333334,
        0.9444444444444444
      ],
      "pred_counts": [
        43,
        132,
        138
      ],
      "pred_entropy": 0.9978885985020753,
      "pred_entropy_norm": 0.9083173461602676,
      "pred_top1_frac": 0.44089456869009586,
      "pred_top2_frac": 0.4217252396166134,
      "weighted_f1": 0.9207929553558839
    },
    "entropy_lambda": 0.0,
    "n_anchors": 249,
    "n_test": 313,
    "n_val": 63,
    "prune_lambda": 0.0,
    "prune_topm": null,
    "use_topk": null
  },
  "split": {
    "kind": "random_stratified",
    "seed": 2,
    "test_size": 0.5
  },
  "variant": {
    "X_shape": [
      625,
      4
    ],
    "class_shift_offset": 1,
    "feature_permutation": [
      0,
      1,
      2,
      3
    ],
    "label_map": {
      "0": "B",
      "1": "L",
      "2": "R"
    },
    "norm_method": "none",
    "support_mask": [
      true,
      true,
      true,
      true,
      true,
      true,
      true,
      true,
      true,
      true,
      true,
      true,
      true,
      true,
      true,
      true,
      true,
      true,
      true,
      true,
      true,
      true,
      true,
      true,
      true,
      true,
      true,
      true,
      true,
      true,
      true,
      true,
      true,
      true,
      true,
      true,
      true,
      true,
      true,
      true,
      true,
      true,
      true,
      true,
      true,
      true,
      true,
      true,
      true,
      true,
      true,
      true,
      true,
      true,
      true,
      true,
      true,
      true,
      true,
      true,
      true,
      true,
      true,
      true,
      true,
      true,
      true,
      true,
      true,
      true,
      true,
      true,
      true,
      true,
      true,
      true,
      true,
      true,
      true,
      true,
      true,
      true,
      true,
      true,
      true,
      true,
      true,
      true,
      true,
      true,
      true,
      true,
      true,
      true,
      true,
      true,
      true,
      true,
      true,
      true,
      true,
      true,
      true,
      true,
      true,
      true,
      true,
      true,
      true,
      true,
      true,
      true,
      true,
      true,
      true,
      true,
      true,
      true,
      true,
      true,
      true,
      true,
      true,
      true,
      true,
      true,
      true,
      true,
      true,
      true,
      true,
      true,
      true,
      true,
      true,
      true,
      true,
      true,
      true,
      true,
      true,
      true,
      true,
      true,
      true,
      true,
      true,
      true,
      true,
      true,
      true,
      true,
      true,
      true,
      true,
      true,
      true,
      true,
      true,
      true,
      true,
      true,
      true,
      true,
      true,
      true,
      true,
      true,
      true,
      true,
      true,
      true,
      true,
      true,
      true,
      true,
      true,
      true,
      true,
      true,
      true,
      true,
      true,
      true,
      true,
      true,
      true,
      true,
      true,
      true,
      true,
      true,
      true,
      true,
      true,
      true,
      true,
      true,
      true,
      true,
      true,
      true,
      true,
      true,
      true,
      true,
      true,
      true,
      true,
      true,
      true,
      true,
      true,
      true,
      true,
      true,
      true,
      true,
      true,
      true,
      true,
      true,
      true,
      true,
      true,
      true,
      true,
      true,
      true,
      true,
      true,
      true,
      true,
      true,
      true,
      true,
      true,
      true,
      true,
      true,
      true,
      true,
      true,
      true,
      true,
      true,
      true,
      true,
      true,
      true,
      true,
      true,
      true,
      true,
      true,
      true,
      true,
      true,
      true,
      true,
      true,
      true,
      true,
      true,
      true,
      true,
      true,
      true,
      true,
      true,
      true,
      true,
      true,
      true,
      true,
      true,
      true,
      true,
      true,
      true,
      true,
      true,
      true,
      true,
      true,
      true,
      true,
      true,
      true,
      true,
      true,
      true,
      true,
      true,
      true,
      true,
      true,
      true,
      true,
      true,
      true,
      true,
      true,
      true,
      true,
      true,
      true,
      true,
      true,
      true,
      true,
      true
    ],