class,recall
1,0.4954128440366973
2,0.29896907216494845
3,0.4666666666666667
4,0.2845528455284553
5,0.352
6,0.9001956947162426
