class,recall
negative,0.689703808180536
sick,0.5652173913043478
