class,recall
Bumps,0.6666666666666666
Dirtiness,0.8181818181818182
K_Scratch,0.9358974358974359
Other_Faults,0.8
Pastry,0.5
Stains,0.8571428571428571
Z_Scratch,1.0
