class,recall
1,0.391304347826087
2,0.9433198380566802
