class,recall
Bumps,0.0
Dirtiness,0.0
K_Scratch,0.7448979591836735
Other_Faults,0.9970326409495549
Pastry,0.0
Stains,0.5277777777777778
Z_Scratch,0.05263157894736842
