{
  "dataset_id": 1467,
  "dataset_name": "climate-model-simulation-crashes",
  "errors": [],
  "head_swap": null,
  "models": {
    "pdl": {
      "acc": 0.9259259259259259,
      "binary_f1_pos": 0.9603174603174603,
      "confusion": [
        [
          8,
          15
        ],
        [
          5,
          242
        ]
      ],
      "macro_f1": 0.7023809523809523,
      "margin_mean": 0.7715311217126092,
      "margin_median": 0.8876753486692905,
      "margin_p10": 0.3128787726163864,
      "margin_p90": 0.9782273362390697,
      "n_classes": 2,
      "n_predicted_classes": 2,
      "n_test": 270,
      "per_class_recall": [
        0.34782608695652173,
        0.979757085020243
      ],
      "pred_counts": [
        13,
        257
      ],
      "pred_entropy": 0.19302604986848046,
      "pred_entropy_norm": 0.2784777249076425,
      "pred_top1_frac": 0.9518518518518518,
      "pred_top2_frac": 0.04814814814814815,
      "weighted_f1": 0.9163727219282776
    },
    "sa": {
      "acc": 0.9148148148148149,
      "binary_f1_pos": 0.9555125725338491,
      "confusion": [
        [
          0,
          23
        ],
        [
          0,
          247
        ]
      ],
      "macro_f1": 0.47775628626692457,
      "margin_mean": 0.9679356634952624,
      "margin_median": 0.9908085539937019,
      "margin_p10": 0.9283695496618748,
      "margin_p90": 0.9983249475248158,
      "n_classes": 2,
      "n_predicted_classes": 1,
      "n_test": 270,
      "per_class_recall": [
        0.0,
        1.0
      ],
      "pred_counts": [
        0,
        270
      ],
      "pred_entropy": -0.0,
      "pred_entropy_norm": -0.0,
      "pred_top1_frac": 1.0,
      "pred_top2_frac": 0.0,
      "weighted_f1": 0.8741170570957806
    }
  },
  "n_features": 20,
  "n_rows": 540,
  "pdl_gamma": {
    "ap": 1.0,
    "auc": 1.0,
    "gamma_diff_mean": 0.04572986600003498,
    "gamma_diff_p10": 0.020680276677012444,
    "gamma_diff_p90": 0.07830923795700073,
    "gamma_same_mean": 0.7346134668889444,
    "gamma_same_p10": 0.6914835751056672,
    "gamma_same_p90": 0.77552028298378,
    "n_pairs_used": 36315,
    "n_support": 270
  },
  "pdlc_topk_tune": {
    "best_topk": null,
    "candidates": [
      null,
      8,
      16,
      32,
      64,
      128
    ],
    "metric": "macro_f1",
    "note": "Tuning uses a single-variant episode on a held-out subset of the train split; the chosen topk is then used for full-ensemble evaluation on the full train split.",
    "rows": [
      {
        "acc": 0.9444444444444444,
        "macro_f1": 0.7708628005657708,
        "margin_median": 0.8873139805534425,
        "n_predicted_classes": 2,
        "pred_entropy_norm": 0.22853814395352803,
        "score": 0.7708628005657708,
        "topk": null,
        "weighted_f1": 0.9333647650479333
      },
      {
        "acc": 0.9444444444444444,
        "macro_f1": 0.7708628005657708,
        "margin_median": 0.8934223672179482,
        "n_predicted_classes": 2,
        "pred_entropy_norm": 0.22853814395352803,
        "score": 0.7708628005657708,
        "topk": 8,
        "weighted_f1": 0.9333647650479333
      },
      {
        "acc": 0.9444444444444444,
        "macro_f1": 0.7708628005657708,
        "margin_median": 0.8910923610889305,
        "n_predicted_classes": 2,
        "pred_entropy_norm": 0.22853814395352803,
        "score": 0.7708628005657708,
        "topk": 16,
        "weighted_f1": 0.9333647650479333
      },
      {
        "acc": 0.9444444444444444,
        "macro_f1": 0.7708628005657708,
        "margin_median": 0.8888277471411434,
        "n_predicted_classes": 2,
        "pred_entropy_norm": 0.22853814395352803,
        "score": 0.7708628005657708,
        "topk": 32,
        "weighted_f1": 0.9333647650479333
      },
      {
        "acc": 0.9444444444444444,
        "macro_f1": 0.7708628005657708,
        "margin_median": 0.8859847319079759,
        "n_predicted_classes": 2,
        "pred_entropy_norm": 0.22853814395352803,
        "score": 0.7708628005657708,
        "topk": 64,
        "weighted_f1": 0.9333647650479333
      },
      {
        "acc": 0.9444444444444444,
        "macro_f1": 0.7708628005657708,
        "margin_median": 0.8818406417623427,
        "n_predicted_classes": 2,
        "pred_entropy_norm": 0.22853814395352803,
        "score": 0.7708628005657708,
        "topk": 128,
        "weighted_f1": 0.9333647650479333
      }
    ],
    "val_frac": 0.2
  },
  "split": {
    "kind": "random_stratified",
    "seed": 42,
    "test_size": 0.5
  },
  "variant": {
    "X_shape": [
      540,
      20
    ],
    "class_shift_offset": 1,
    "feature_permutation": [
      16,
      4,
      5,
      10,
      9,
      19,
      1,
      0,
      18,
      12,
      14,
      6,
      15,
      11,
      8,
      17,
      3,
      7,
      2,
      13
    ],
    "label_map": {
      "0": "1",
      "1": "2"
    },
    "norm_method": "none",