class,recall
1,0.5396825396825397
2,0.9976190476190476
3,0.6212121212121212
4,0.30303030303030304
