class,recall
1,0.48807339449541287
2,0.2674897119341564
3,0.44919786096256686
4,0.25
5,0.2724358974358974
6,0.8974158183241974
