class,recall
acc,1.0
good,0.7142857142857143
unacc,0.987603305785124
vgood,1.0
