class,recall
False,0.5797101449275363
True,0.7333333333333333
