class,recall
B,0.2
L,0.9791666666666666
R,0.9513888888888888
