class,recall
acc,0.90625
good,0.0
unacc,0.996694214876033
vgood,0.59375
