class,recall
False,0.9942540966163014
True,0.35294117647058826
