class,recall
acc,1.0
good,0.9285714285714286
unacc,0.9958677685950413
vgood,1.0
