class,recall
0,0.8684080827994086
1,0.2717391304347826
