class,recall
1,0.9537624660018132
2,0.9646946564885496
3,0.9512195121951219
4,0.9539951573849879
