class,recall
1,0.9737991266375546
2,0.9230769230769231
