class,recall
negative,0.9774138904573687
sick,0.5304347826086957
