class,recall
B,0.0
L,0.9930555555555556
R,0.9791666666666666
