class,recall
False,0.2313167259786477
True,0.96875
