C,calinski_harabasz,calinski_harabasz_pcaK,coverage_ok,davies_bouldin,davies_bouldin_pcaK,episode,knn1_acc,knn5_acc,lda_acc,logreg_acc,logreg_auc_macro,maj_acc,n_anchor,n_query,nc_acc,perm_format,silhouette_cosine,silhouette_euclidean,uniform_acc
3,1.1157476902008057,1.147892713546753,True,11.355263026517193,11.44093806413174,0,0.46835443037974683,0.5759493670886076,0.4050632911392405,0.569620253164557,0.5316896252464388,0.569620253164557,118,158,0.4620253164556962,list,-0.0222448892891407,-0.011714192107319832,0.3333333333333333
3,1.1157476902008057,1.147892713546753,True,11.355263026517193,11.44093806413174,0,0.46835443037974683,0.5759493670886076,0.4050632911392405,0.569620253164557,0.5316896252464388,0.569620253164557,118,158,0.4620253164556962,flat,-0.0222448892891407,-0.011714192107319832,0.3333333333333333
2,12.738831520080566,4.850390434265137,True,4.174498221636786,6.591279469356627,1,0.8143459915611815,0.8565400843881856,0.7383966244725738,0.8354430379746836,,0.7890295358649789,94,237,0.7805907172995781,list,0.0835532546043396,0.0490928590297699,0.5
2,12.738831520080566,4.850390434265137,True,4.174498221636786,6.591279469356627,1,0.8143459915611815,0.8565400843881856,0.7383966244725738,0.8354430379746836,,0.7890295358649789,94,237,0.7805907172995781,flat,0.0835532546043396,0.0490928590297699,0.5
5,0.9650920629501343,0.9354907274246216,True,11.018263435682453,10.902842998441137,2,0.3712374581939799,0.4180602006688963,0.40468227424749165,0.47491638795986624,0.5522125871641477,0.44816053511705684,71,299,0.4414715719063545,list,-0.05127064883708954,-0.02687452733516693,0.2
5,0.9650920629501343,0.9354907274246216,True,11.018263435682453,10.902842998441137,2,0.3712374581939799,0.4180602006688963,0.40468227424749165,0.47491638795986624,0.5522125871641477,0.44816053511705684,71,299,0.4414715719063545,flat,-0.05127064883708954,-0.02687452733516693,0.2
