class,recall
1,0.9650655021834061
2,0.9230769230769231
