class,recall
Bumps,0.0
Dirtiness,0.09090909090909091
K_Scratch,0.38461538461538464
Other_Faults,1.0
Pastry,0.0
Stains,0.0
Z_Scratch,0.05263157894736842
