{
  "dataset_id": 11,
  "dataset_name": "balance-scale",
  "errors": [],
  "head_swap": null,
  "models": {
    "pdl": {
      "acc": 0.976,
      "binary_f1_pos": NaN,
      "confusion": [
        [
          9,
          0,
          1
        ],
        [
          0,
          57,
          0
        ],
        [
          2,
          0,
          56
        ]
      ],
      "macro_f1": 0.9436853002070394,
      "margin_mean": 0.8760315343752445,
      "margin_median": 0.999389767908724,
      "margin_p10": 0.3890996307134628,
      "margin_p90": 0.9998256410603062,
      "n_classes": 3,
      "n_predicted_classes": 3,
      "n_test": 125,
      "per_class_recall": [
        0.9,
        1.0,
        0.9655172413793104
      ],
      "pred_counts": [
        11,
        57,
        57
      ],
      "pred_entropy": 0.9300361970309348,
      "pred_entropy_norm": 0.8465554287204029,
      "pred_top1_frac": 0.456,
      "pred_top2_frac": 0.456,
      "weighted_f1": 0.9764670807453416
    }
  },
  "n_features": 4,
  "n_rows": 625,
  "pdl_gamma": {
    "ap": 0.9941341627460811,
    "auc": 0.9955258159863026,
    "gamma_diff_mean": 0.09761900029919063,
    "gamma_diff_p10": 0.008849188871681691,
    "gamma_diff_p90": 0.21051014959812178,
    "gamma_same_mean": 0.7057131114134645,
    "gamma_same_p10": 0.5351930260658264,
    "gamma_same_p90": 0.8692067265510559,
    "n_pairs_used": 124750,
    "n_support": 500
  },
  "pdl_topk_sweep": {
    "agg": "posterior_avg",
    "rows": [
      {
        "acc": 0.912,
        "macro_f1": 0.6339710144927536,
        "margin_median": 0.8268134530994307,
        "n_predicted_classes": 2,
        "pred_entropy_norm": 0.6285683707874675,
        "pred_top1_frac": 0.536,
        "topk": null,
        "weighted_f1": 0.8746963478260871
      },
      {
        "acc": 0.936,
        "macro_f1": 0.8653871262566915,
        "margin_median": 0.9994123048732017,
        "n_predicted_classes": 3,
        "pred_entropy_norm": 0.8791698764884821,
        "pred_top1_frac": 0.456,
        "topk": 8,
        "weighted_f1": 0.9408350959655307
      },
      {
        "acc": 0.936,
        "macro_f1": 0.8653871262566915,
        "margin_median": 0.9993765917032252,
        "n_predicted_classes": 3,
        "pred_entropy_norm": 0.8791698764884821,
        "pred_top1_frac": 0.456,
        "topk": 16,
        "weighted_f1": 0.9408350959655307
      },
      {
        "acc": 0.936,
        "macro_f1": 0.8653871262566915,
        "margin_median": 0.9993341716348689,
        "n_predicted_classes": 3,
        "pred_entropy_norm": 0.8791698764884821,
        "pred_top1_frac": 0.456,
        "topk": 32,
        "weighted_f1": 0.9408350959655307
      },
      {
        "acc": 0.936,
        "macro_f1": 0.8653871262566915,
        "margin_median": 0.9992831685993163,
        "n_predicted_classes": 3,
        "pred_entropy_norm": 0.8791698764884821,
        "pred_top1_frac": 0.456,
        "topk": 64,
        "weighted_f1": 0.9408350959655307
      }
    ]
  },
  "pdlc_topk_tune": null,
  "seed": 46,
  "split": {
    "kind": "random_stratified",
    "seed": 46,
    "test_size": 0.2
  },
  "variant": {
    "X_shape": [
      625,
      4
    ],
    "class_shift_offset": 1,
    "feature_permutation": [
      0,
      3,
      2,
      1
    ],
    "label_map": {
      "0": "B",
      "1": "L",
      "2": "R"
    },
    "norm_method": "none",
    "support_mask": [
      true,
      true,
      true,
      true,
      true,
      true,
      true,
      true,
      true,
      true,
      true,
      true,
      true,
      true,
      true,
      true,
      true,
      true,
      true,
      true,
      true,
      true,
      true,
      true,
      true,
      true,
      true,
      true,
      true,
      true,
      true,
      true,
      true,
      true,
      true,
      true,
      true,
      true,
      true,
      true,
      true,
      true,
      true,
      true,
      true,
      true,
      true,
      true,
      true,
      true,
      true,
      true,
      true,
      true,
      true,
      true,
      true,
      true,
      true,
      true,
      true,
      true,
      true,
      true,
      true,
      true,
      true,
      true,
      true,
      true,
      true,
      true,
      true,
      true,
      true,
      true,
      true,
      true,
      true,
      true,
      true,
      true,
      true,
      true,
      true,
      true,
      true,
      true,
      true,
      true,
      true,
      true,
      true,
      true,
      true,
      true,
      true,
      true,
      true,
      true,
      true,
      true,
      true,
      true,
      true,
      true,
      true,
      true,
      true,
      true,
      true,
      true,
      true,
      true,
      true,
      true,
      true,
      true,
      true,
      true,
      true,
      true,
      true,
      true,
      true,
      true,
      true,
      true,
      true,
      true,
      true,
      true,
      true,
      true,
      true,
      true,
      true,
      true,
      true,
      true,
      true,
      true,
      true,
      true,
      true,
      true,
      true,
      true,
      true,
      true,
      true,
      true,
      true,
      true,
      true,
      true,
      true,
      true,
      true,
      true,
      true,
      true,
      true,
      true,
      true,
      true,
      true,
      true,
      true,
      true,
      true,
      true,
      true,
      true,
      true,
      true,
      true,
      true,
      true,
      true,
      true,
      true,
      true,
      true,
      true,
      true,
      true,
      true,
      true,
      true,
      true,
      true,
      true,
      true,
      true,
      true,
      true,
      true,
      true,
      true,
      true,
      true,
      true,
      true,
      true,
      true,
      true,
      true,
      true,
      true,
      true,
      true,
      true,
      true,
      true,
      true,
      true,
      true,
      true,
      true,
      true,
      true,
      true,
      true,
      true,
      true,
      true,
      true,
      true,
      true,
      true,
      true,
      true,
      true,
      true,
      true,
      true,
      true,
      true,
      true,
      true,
      true,
      true,
      true,
      true,
      true,
      true,
      true,
      true,
      true,
      true,
      true,
      true,
      true,
      true,
      true,
      true,
      true,
      true,
      true,
      true,
      true,
      true,
      true,
      true,
      true,
      true,
      true,
      true,
      true,
      true,
      true,
      true,
      true,
      true,
      true,
      true,
      true,
      true,
      true,
      true,
      true,
      true,
      true,
      true,
      true,
      true,
      true,
      true,
      true,
      true,
      true,
      true,
      true,
      true,
      true,
      true,
      true,
      true,
      true,
      true,
      true,
      true,
      true,
      true,
      true,
      true,
      true,
      true,
      true,
      true,
      true,
      true,
      true,
      true,
      true,
      true,
      true,
      true,
      true,
      true,
      true,
      true,
      true,
      true,
      true,
      true,
      true,
      true,
      true,
      true,
      true,
      true,
      true,
      true,
      true,
      true,
      true,
      true,
      true,
      true,
      true,
      true,
      true,
      true,
      true,
      true,
      true,
      true,
      true,
      true,
      true,
      true,
      true,
      true,
      true,
      true,
      true,
      true,
      true,
      true,
      true,
      true,
      true,
      true,
      true,
      true,
      true,
      true,
      true,
      true,
      true,
      true,
      true,
      true,
      true,
      true,
      true,
      true,
      true,
