class,recall
Bumps,0.0
Dirtiness,0.2727272727272727
K_Scratch,0.9358974358974359
Other_Faults,1.0
Pastry,0.0625
Stains,0.7857142857142857
Z_Scratch,0.4473684210526316
