class,recall
1,0.3333333333333333
2,0.9494949494949495
