class,recall
1,0.44954128440366975
2,0.18930041152263374
3,0.39572192513368987
4,0.3181818181818182
5,0.34615384615384615
6,0.8856695379796398
