class,recall
D,0.8563092633114515
H,0.49298597194388777
P,0.546234509056244
R,0.4567219152854512
S,0.752542372881356
