class,recall
No,0.9939393939393939
Yes,0.22727272727272727
