class,recall
1,1.0
2,0.30714285714285716
3,0.42424242424242425
4,0.26666666666666666
