class,recall
1,0.9523809523809523
2,0.9738095238095238
3,0.8181818181818182
4,0.7151515151515152
