class,recall
negative,0.9873060648801129
sick,0.8695652173913043
