class,recall
1,0.7216681776971895
2,0.9971374045801527
3,0.7195121951219512
4,0.6416464891041163
