class,recall
False,0.939922480620155
True,0.6153846153846154
