class,recall
1,0.43119266055045874
2,0.20618556701030927
3,0.46
4,0.3170731707317073
5,0.384
6,0.8904109589041096
