class,recall
False,0.9437984496124031
True,0.6410256410256411
