class,recall
False,0.9989361702127659
True,0.21428571428571427
