class,recall
acc,0.9635416666666666
good,0.8285714285714286
unacc,0.9834710743801653
vgood,0.9375
