class,recall
1,0.9912663755458515
2,0.9230769230769231
