class,recall
Left,0.20202020202020202
Stayed,0.980565371024735
