class,recall
No,0.928030303030303
Yes,0.5454545454545454
