class,recall
0,0.8525667351129363
1,0.2818181818181818
