class,recall
-1,0.9826086956521739
1,0.5192307692307693
