class,recall
False,0.987231325814003
True,0.5588235294117647
