{
  "dataset_id": 40975,
  "dataset_name": "car",
  "head_swap": null,
  "models": {
    "pdl": {
      "acc": 0.9074074074074074,
      "confusion": [
        [
          188,
          0,
          4,
          0
        ],
        [
          35,
          0,
          0,
          0
        ],
        [
          9,
          0,
          596,
          0
        ],
        [
          32,
          0,
          0,
          0
        ]
      ],
      "margin_mean": 0.8141824225097446,
      "margin_median": 0.9384713703766465,
      "margin_p10": 0.5326347634196281,
      "margin_p90": 0.9386201245710254,
      "n_classes": 4,
      "n_predicted_classes": 2,
      "n_test": 864,
      "per_class_recall": [
        0.9791666666666666,
        0.0,
        0.9851239669421488,
        0.0
      ],
      "pred_counts": [
        264,
        0,
        600,
        0
      ],
      "pred_entropy": 0.615498282275913,
      "pred_top1_frac": 0.6944444444444444,
      "pred_top2_frac": 0.3055555555555556
    },
    "sa": {
      "acc": 0.9756944444444444,
      "confusion": [
        [
          184,
          3,
          4,
          1
        ],
        [
          2,
          31,
          0,
          2
        ],
        [
          8,
          0,
          597,
          0
        ],
        [
          1,
          0,
          0,
          31
        ]
      ],
      "margin_mean": 0.9525006213078131,
      "margin_median": 0.9998273361779866,
      "margin_p10": 0.8850749362260103,
      "margin_p90": 0.9999589110094348,
      "n_classes": 4,
      "n_predicted_classes": 4,
      "n_test": 864,
      "per_class_recall": [
        0.9583333333333334,
        0.8857142857142857,
        0.9867768595041322,
        0.96875
      ],
      "pred_counts": [
        195,
        34,
        601,
        34
      ],
      "pred_entropy": 0.8430739432838134,
      "pred_top1_frac": 0.6956018518518519,
      "pred_top2_frac": 0.22569444444444445
    }
  },
  "n_features": 6,
  "n_rows": 1728,
  "pdl_gamma": {
    "ap": 0.9922102788875876,
    "auc": 0.9922195995002161,
    "gamma_diff_mean": 0.23139082450929993,
    "gamma_diff_p10": 0.011842485517263412,
    "gamma_diff_p90": 0.583023190498352,
    "gamma_same_mean": 0.9358392461402498,
    "gamma_same_p10": 0.830236566066742,
    "gamma_same_p90": 0.97720285654068,
    "n_pairs_used": 250000,
    "n_support": 864
  },
  "split": {
    "kind": "random_stratified",
    "seed": 42,
    "test_size": 0.5
  },
  "variant": {
    "X_shape": [
      1728,
      6
    ],
    "class_shift_offset": 2,
    "feature_permutation": [
      0,
      3,
      1,
      5,
      2,
      4
    ],
    "norm_method": "none",
    "test_size": 864,
    "train_size": 864,
    "variant_index": 0,
    "y_train_shifted_shape": [
      864
    ]
  },
  "variant_runs": []
}