class,recall
D,0.9032846715328468
H,0.46
P,0.5452380952380952
R,0.4838709677419355
S,0.7830508474576271
