{
  "dataset_id": 40982,
  "dataset_name": "steel-plates-fault",
  "head_swap": null,
  "models": {
    "pdl": {
      "acc": 0.5612770339855818,
      "confusion": [
        [
          40,
          0,
          0,
          161,
          0,
          0,
          0
        ],
        [
          0,
          0,
          0,
          27,
          0,
          0,
          0
        ],
        [
          0,
          0,
          179,
          17,
          0,
          0,
          0
        ],
        [
          6,
          0,
          5,
          326,
          0,
          0,
          0
        ],
        [
          0,
          0,
          0,
          79,
          0,
          0,
          0
        ],
        [
          0,
          0,
          1,
          35,
          0,
          0,
          0
        ],
        [
          0,
          0,
          0,
          95,
          0,
          0,
          0
        ]
      ],
      "margin_mean": 0.20065559282607326,
      "margin_median": 0.20806676149368286,
      "margin_p10": 0.04579634964466095,
      "margin_p90": 0.3755030333995819,
      "n_classes": 7,
      "n_predicted_classes": 3,
      "n_test": 971,
      "per_class_recall": [
        0.19900497512437812,
        0.0,
        0.9132653061224489,
        0.9673590504451038,
        0.0,
        0.0,
        0.0
      ],
      "pred_counts": [
        46,
        0,
        185,
        740,
        0,
        0,
        0
      ],
      "pred_entropy": 0.6674052842906371,
      "pred_top1_frac": 0.7621009268795057,
      "pred_top2_frac": 0.19052523171987643
    },
    "sa": {
      "acc": 0.7507723995880535,
      "confusion": [
        [
          116,
          1,
          0,
          75,
          7,
          0,
          2
        ],
        [
          1,
          23,
          0,
          3,
          0,
          0,
          0
        ],
        [
          0,
          0,
          182,
          14,
          0,
          0,
          0
        ],
        [
          55,
          6,
          7,
          245,
          10,
          4,
          10
        ],
        [
          10,
          0,
          1,
          19,
          48,
          0,
          1
        ],
        [
          0,
          0,
          0,
          5,
          0,
          31,
          0
        ],
        [
          1,
          0,
          0,
          10,
          0,
          0,
          84
        ]
      ],
      "margin_mean": 0.6513205006923711,
      "margin_median": 0.7213349863886833,
      "margin_p10": 0.15376406908035278,
      "margin_p90": 0.9953333691228181,
      "n_classes": 7,
      "n_predicted_classes": 7,
      "n_test": 971,
      "per_class_recall": [
        0.5771144278606966,
        0.8518518518518519,
        0.9285714285714286,
        0.7270029673590505,
        0.6075949367088608,
        0.8611111111111112,
        0.8842105263157894
      ],
      "pred_counts": [
        183,
        30,
        190,
        371,
        65,
        35,
        97
      ],
      "pred_entropy": 1.6396686454613874,
      "pred_top1_frac": 0.3820803295571576,
      "pred_top2_frac": 0.1956745623069001
    }
  },
  "n_features": 27,
  "n_rows": 1941,
  "pdl_gamma": {
    "ap": 0.3586482890667628,
    "auc": 0.7594741122166353,
    "gamma_diff_mean": 0.47298199587373746,
    "gamma_diff_p10": 0.09192955121397972,
    "gamma_diff_p90": 0.8874112367630005,
    "gamma_same_mean": 0.7287053782306154,
    "gamma_same_p10": 0.5103371560573577,
    "gamma_same_p90": 0.8879176795482636,
    "n_pairs_used": 250000,
    "n_support": 970
  },
  "split": {
    "kind": "random_stratified",
    "seed": 42,
    "test_size": 0.5
  },
  "variant": {
    "X_shape": [
      1941,
      27
    ],
    "class_shift_offset": 4,
    "feature_permutation": [
      24,
      0,
      22,
      15,
      10,
      5,
      6,
      13,
      12,
      8,
      1,
      20,
      25,
      11,
      19,
      21,
      26,
      23,
      17,
      16,
      2,
      4,
      3,
      7,
      18,
      14,
      9
    ],
    "norm_method": "none",
    "test_size": 971,
    "train_size": 970,
    "variant_index": 0,
    "y_train_shifted_shape": [
      970
    ]
  },
  "variant_runs": []
}