class,recall
1,0.9868995633187773
2,0.8461538461538461
