class,recall
Bumps,0.0
Dirtiness,0.07407407407407407
K_Scratch,0.75
Other_Faults,0.9970326409495549
Pastry,0.0
Stains,0.6111111111111112
Z_Scratch,0.07368421052631578
