class,recall
-1,0.9782131087513731
1,0.8615384615384616
