class,recall
0,0.902579267290948
1,0.2246376811594203
