class,recall
Bumps,0.0
Dirtiness,0.0
K_Scratch,0.29081632653061223
Other_Faults,1.0
Pastry,0.0
Stains,0.16666666666666666
Z_Scratch,0.010526315789473684
