class,recall
No,0.926060606060606
Yes,0.5454545454545454
