class,recall
1,0.9519492293744334
2,0.9704198473282443
3,0.9512195121951219
4,0.9564164648910412
