class,recall
Bumps,0.20398009950248755
Dirtiness,0.0
K_Scratch,0.9081632653061225
Other_Faults,0.973293768545994
Pastry,0.0
Stains,0.0
Z_Scratch,0.0
