class,recall
B,0.8
L,0.8958333333333334
R,0.9513888888888888
