class,recall
1,0.4724770642201835
2,0.41237113402061853
3,0.4866666666666667
4,0.34959349593495936
5,0.328
6,0.8864970645792564
