class,recall
False,0.9872340425531915
True,0.42857142857142855
