class,recall
False,0.999468085106383
True,0.21428571428571427
