class,recall
1,0.043478260869565216
2,0.9959514170040485
