{
  "dataset_id": 11,
  "dataset_name": "balance-scale",
  "errors": [],
  "head_swap": null,
  "models": {
    "pdl": {
      "acc": 0.968,
      "binary_f1_pos": NaN,
      "confusion": [
        [
          8,
          2,
          0
        ],
        [
          2,
          56,
          0
        ],
        [
          0,
          0,
          57
        ]
      ],
      "macro_f1": 0.9218390804597701,
      "margin_mean": 0.917645949624246,
      "margin_median": 0.9991196349728853,
      "margin_p10": 0.6362374737858772,
      "margin_p90": 0.9997739708254813,
      "n_classes": 3,
      "n_predicted_classes": 3,
      "n_test": 125,
      "per_class_recall": [
        0.8,
        0.9655172413793104,
        1.0
      ],
      "pred_counts": [
        10,
        58,
        57
      ],
      "pred_entropy": 0.9164299948366841,
      "pred_entropy_norm": 0.8341705297577798,
      "pred_top1_frac": 0.464,
      "pred_top2_frac": 0.456,
      "weighted_f1": 0.968
    }
  },
  "n_features": 4,
  "n_rows": 625,
  "pdl_anchor_uncertainty": {
    "au_mean": 0.14229682364384644,
    "au_median": 0.005913682281970978,
    "au_norm_mean": 0.12952415070503023,
    "au_p10": 0.0012520982883870602,
    "au_p90": 0.7231509089469913,
    "eu_mean": 1.6981593100354076e-05,
    "eu_median": 1.1352822184562683e-06,
    "eu_norm_mean": 1.5457312170557932e-05,
    "eu_p10": 2.736342139542103e-07,
    "eu_p90": 7.75694847106936e-05,
    "kept_max": 32,
    "kept_mean": 32.0,
    "kept_min": 32,
    "n_classes": 3,
    "n_queries": 125,
    "n_support": 500,
    "topk": 32,
    "tu_mean": 0.14231380523694678,
    "tu_median": 0.005914216861128807,
    "tu_norm_mean": 0.1295396080172008,
    "tu_p10": 0.0012528093066066504,
    "tu_p90": 0.7232782363891604
  },
  "pdl_anchor_uncertainty_eval": {
    "au_err_ap": 0.242156862745098,
    "au_err_auc": 0.925,
    "au_mean_correct": 0.11759168123123041,
    "au_mean_wrong": 0.7352202415466309,
    "corr_au_margin": -0.9658148792780069,
    "corr_eu_margin": -0.7702828059685937,
    "corr_kept_eu": NaN,
    "corr_kept_tu": NaN,
    "corr_tu_margin": -0.9658076549443789,
    "err_rate": 0.04,
    "eu_err_ap": 0.33663003663003666,
    "eu_err_auc": 0.9433333333333334,
    "eu_mean_correct": 1.348305837988543e-05,
    "eu_mean_wrong": 0.00010094642639160156,
    "eu_min": 1.0256189852952957e-07,
    "eu_resid_abs_mean": 0.0,
    "frac_eu_negative": 0.0,
    "n": 125,
    "single_variant_acc": 0.96,
    "single_variant_macro_f1": 0.9161384665809443,
    "tu_err_ap": 0.242156862745098,
    "tu_err_auc": 0.925,
    "tu_mean_correct": 0.1176051642896103,
    "tu_mean_wrong": 0.7353211879730225
  },
  "pdl_gamma": {
    "ap": 0.9890688071564062,
    "auc": 0.9913080447250504,
    "gamma_diff_mean": 0.11211068642440469,
    "gamma_diff_p10": 0.010838182270526886,
    "gamma_diff_p90": 0.2625072419643404,
    "gamma_same_mean": 0.6538628610080703,
    "gamma_same_p10": 0.4869629144668579,
    "gamma_same_p90": 0.8440659642219543,
    "n_pairs_used": 124750,
    "n_support": 500
  },
  "pdl_topk_sweep": null,
  "pdlc_topk_tune": null,
  "seed": 43,
  "split": {
    "kind": "random_stratified",
    "seed": 43,
    "test_size": 0.2
  },
  "variant": {
    "X_shape": [
      625,
      4
    ],
    "class_shift_offset": 0,
    "feature_permutation": [
      0,
      1,
      2,
      3
    ],
    "label_map": {
      "0": "B",
      "1": "L",
      "2": "R"
    },
    "norm_method": "none",
    "support_mask": [
      true,
      true,
      true,
      true,
      true,
      true,
      true,
      true,
      true,
      true,
      true,
      true,
      true,
      true,
      true,
      true,
      true,
      true,
      true,
      true,
      true,
      true,
      true,
      true,
      true,
      true,
      true,
      true,
      true,
      true,
      true,
      true,
      true,
      true,
      true,
      true,
      true,
      true,
      true,
      true,
      true,
      true,
      true,
      true,
      true,
      true,
      true,
      true,
      true,
      true,
      true,
      true,
      true,
      true,
      true,
      true,
      true,
      true,
      true,
      true,
      true,
      true,
      true,
      true,
      true,
      true,
      true,
      true,
      true,
      true,
      true,
      true,
      true,
      true,
      true,
      true,
      true,
      true,
      true,
      true,
      true,
      true,
      true,
      true,
      true,
      true,
      true,
      true,
      true,
      true,
      true,
      true,
      true,
      true,
      true,
      true,
      true,
      true,
      true,
      true,
      true,
      true,
      true,
      true,
      true,
      true,
      true,
      true,
      true,
      true,
      true,
      true,
      true,
      true,
      true,
      true,
      true,
      true,
      true,
      true,
      true,
      true,
      true,
      true,
      true,
      true,
      true,
      true,
      true,
      true,
      true,
      true,
      true,
      true,
      true,
      true,
      true,
      true,
      true,
      true,
      true,
      true,
      true,
      true,
      true,
      true,
      true,
      true,
      true,
      true,
      true,
      true,
      true,
      true,
      true,
      true,
      true,
      true,
      true,
      true,
      true,
      true,
      true,
      true,
      true,
      true,
      true,
      true,
      true,
      true,
      true,
      true,
      true,
      true,
      true,
      true,
      true,
      true,
      true,
      true,
      true,
      true,
      true,
      true,
      true,
      true,
      true,
      true,
      true,
      true,
      true,
      true,
      true,
      true,
      true,
      true,
      true,
      true,
      true,
      true,
      true,
      true,
      true,
      true,
      true,
      true,
      true,
      true,
      true,
      true,
      true,
      true,
      true,
      true,
      true,
      true,
      true,
      true,
      true,
      true,
      true,
      true,
      true,
      true,
      true,
      true,
      true,
      true,
      true,
      true,
      true,
      true,
      true,
      true,
      true,
      true,
      true,
      true,
      true,
      true,
      true,
      true,
      true,
      true,
      true,
      true,
      true,
      true,
      true,
      true,
      true,
      true,
      true,
      true,
      true,
      true,
      true,
      true,
      true,
      true,
      true,
      true,
      true,
      true,
      true,
      true,
      true,
      true,
      true,
      true,
      true,
      true,
      true,
      true,
      true,
      true,
      true,
      true,
      true,
      true,
      true,
      true,
      true,
      true,
      true,
      true,
      true,
      true,
      true,
      true,
      true,
      true,
      true,
      true,
      true,
      true,
      true,
      true,
      true,
      true,
      true,
      true,
      true,
      true,
      true,
      true,
      true,
      true,
      true,
      true,
      true,
      true,
      true,
      true,
      true,
      true,
      true,
      true,
      true,
      true,
      true,
      true,
      true,
      true,
      true,
      true,
      true,
      true,
      true,
      true,
      true,
      true,
      true,
      true,
      true,
      true,
      true,
      true,
      true,
      true,
      true,
      true,
      true,
      true,
      true,
      true,
      true,
      true,
      true,
      true,
      true,
      true,
      true,
      true,
      true,
      true,
      true,
      true,
      true,
      true,
      true,
      true,
      true,
      true,
      true,
      true,
      true,
      true,
      true,
      true,
      true,
      true,
      true,
      true,
      true,
