class,recall
B,0.72
L,0.9583333333333334
R,0.9444444444444444
