class,recall
1,0.9541484716157205
2,0.9230769230769231
