class,recall
No,0.9378787878787879
Yes,0.5227272727272727
