class,recall
acc,0.9479166666666666
good,0.9428571428571428
unacc,0.9834710743801653
vgood,0.9375
