class,recall
1,0.25229357798165136
2,0.12371134020618557
3,0.2733333333333333
4,0.25203252032520324
5,0.104
6,0.9667318982387475
