class,recall
D,0.8548504741064916
H,0.48697394789579157
P,0.5271687321258341
R,0.5267034990791897
S,0.7308474576271187
