class,recall
-1,0.9967963386727688
1,0.6346153846153846
