class,recall
1,0.9855832241153342
2,0.9465648854961832
