class,recall
acc,0.8177083333333334
good,0.2
unacc,1.0
vgood,0.65625
