class,recall
1,0.9882044560943644
2,0.8778625954198473
