class,recall
acc,0.9583333333333334
good,0.8
unacc,0.9851239669421488
vgood,0.9375
