class,recall
0.0,0.9847380410022779
1.0,0.13485280151946819
