class,recall
0,0.029023746701846966
1,0.9988663967611336
