class,recall
acc,0.9791666666666666
good,0.9428571428571428
unacc,0.9884297520661157
vgood,0.96875
