class,recall
Bumps,0.0
Dirtiness,0.0
K_Scratch,0.41025641025641024
Other_Faults,1.0
Pastry,0.0
Stains,0.35714285714285715
Z_Scratch,0.10526315789473684
