{
  "columns": [
    "step",
    "ce",
    "bce",
    "pdlc_tau",
    "accuracy",
    "lr",
    "prior_time",
    "train_time",
    "pdlc_pos_weight",
    "pdlc_pos_frac",
    "pdlc_pair_logit_mean",
    "pdlc_pair_logit_std",
    "pdlc_pair_logit_pos_mean",
    "pdlc_pair_logit_neg_mean",
    "pdlc_logit_gap",
    "pdlc_gamma_pos_mean",
    "pdlc_gamma_neg_mean",
    "pdlc_gamma_gap",
    "pdlc_gamma_saturated_low",
    "pdlc_gamma_saturated_high",
    "pdlc_neff_mean",
    "pdlc_neff_median",
    "pdlc_entropy",
    "pdlc_max_prob",
    "pdlc_prob_gap",
    "pdlc_prior_entropy",
    "pdlc_entropy_reduction",
    "probe/attn_kl_mean",
    "probe/attn_entropy_mean",
    "probe/delta_ce",
    "probe/ce",
    "probe/chance_entropy"
  ],
  "csv": "training_metrics/mini_tabicl_stage2_pdl_posterior_avg.csv",
  "metric_summaries": {
    "accuracy": {
      "first": 0.6618140512146056,
      "frac_valid": 1.0,
      "last": 0.663897083606571,
      "max": 0.7591881724074483,
      "max_step": 50,
      "mean": 0.6663589518725639,
      "min": 0.5748923656065017,
      "min_step": 796,
      "n": 1000,
      "std": 0.028209392905199925
    },
    "bce": {
      "first": 0.5832330204284517,
      "frac_valid": 1.0,
      "last": 0.5187857942755727,
      "max": 0.6466869036344178,
      "max_step": 796,
      "mean": 0.5120264500480318,
      "min": 0.3785057369168498,
      "min_step": 50,
      "n": 1000,
      "std": 0.04260572756761539
    },
    "ce": {
      "first": 0.8242703759024153,
      "frac_valid": 1.0,
      "last": 0.8663722113706172,
      "max": 1.07770980236819,
      "max_step": 796,
      "mean": 0.8368905814404493,
      "min": 0.6399003212573007,
      "min_step": 717,
      "n": 1000,
      "std": 0.06885792070267215
    },
    "pdlc_gamma_gap": {
      "first": 0.2689025998115539,
      "frac_valid": 1.0,
      "last": 0.315840745344758,
      "max": 0.3977085561491549,
      "max_step": 210,
      "mean": 0.2978315734267235,
      "min": 0.2035313192754984,
      "min_step": 8,
      "n": 1000,
      "std": 0.03290813311309875
    },
    "pdlc_gamma_neg_mean": {
      "first": 0.3628390774829313,
      "frac_valid": 1.0,
      "last": 0.3418130771638061,
      "max": 0.4409405250335112,
      "max_step": 8,
      "mean": 0.35304397811028515,
      "min": 0.3016118655577884,
      "min_step": 210,
      "n": 1000,
      "std": 0.017298067566633497
    },
    "pdlc_gamma_pos_mean": {
      "first": 0.6317416769452393,
      "frac_valid": 1.0,
      "last": 0.657653821632266,
      "max": 0.7294876552186906,
      "max_step": 12,
      "mean": 0.6508755515455268,
      "min": 0.601212115958333,
      "min_step": 169,
      "n": 1000,
      "std": 0.01731182609660283
    },
    "pdlc_gamma_saturated_high": {
      "first": 0.0386405423669202,
      "frac_valid": 1.0,
      "last": 0.0548247201159028,
      "max": 0.1333883374780669,
      "max_step": 397,
      "mean": 0.050481737874871306,
      "min": 0.0074100946039834,
      "min_step": 156,
      "n": 1000,
      "std": 0.018931095969692315
    },
    "pdlc_gamma_saturated_low": {
      "first": 0.0297039204562366,
      "frac_valid": 1.0,
      "last": 0.0544700910704136,
      "max": 0.102614538518523,
      "max_step": 611,
      "mean": 0.04509905747751931,
      "min": 0.0073044907524035,
      "min_step": 8,
      "n": 1000,
      "std": 0.014904855780153815
    },
    "pdlc_logit_gap": {
      "first": 2.2172210697899573,
      "frac_valid": 1.0,
      "last": 3.1855353298306,
      "max": 4.825752089847811,
      "max_step": 397,
      "mean": 2.865467522814038,
      "min": 1.4031519228010438,
      "min_step": 119,
      "n": 1000,
      "std": 0.5552482242424738
    },
    "pdlc_max_prob": {
      "first": 0.6415394213981926,
      "frac_valid": 1.0,
      "last": 0.6248547527939081,
      "max": 0.7109246645122766,
      "max_step": 2,
      "mean": 0.6172425777933095,
      "min": 0.5533500344026834,
      "min_step": 147,
      "n": 1000,
      "std": 0.023249688566456688
    },
    "pdlc_neff_mean": {
      "first": 3310.7873392105103,
      "frac_valid": 1.0,
      "last": 2983.1879262924194,
      "max": 4036.33510017395,
      "max_step": 565,
      "mean": 3270.754650514841,
      "min": 2707.0013298988342,
      "min_step": 561,
      "n": 1000,
      "std": 214.10109171657345
    },
    "pdlc_neff_median": {
      "first": 3320.393546104431,
      "frac_valid": 1.0,
      "last": 3012.751359939575,
      "max": 4067.699398040772,
      "max_step": 565,
      "mean": 3297.6780428470374,
      "min": 2709.7922191619878,
      "min_step": 561,
      "n": 1000,
      "std": 215.31396876376454
    },
    "pdlc_pair_logit_mean": {
      "first": 0.2883919586311094,
      "frac_valid": 1.0,
      "last": 0.0420955148510984,
      "max": 0.7173138263169676,
      "max_step": 2,
      "mean": 0.11683118840365081,
      "min": -0.3100108581566019,
      "min_step": 171,
      "n": 1000,
      "std": 0.1502252286560236
    },
    "pdlc_pair_logit_neg_mean": {
      "first": -1.182663103172672,
      "frac_valid": 1.0,
      "last": -1.848174616439792,
      "max": -0.5456465054380715,
      "max_step": 8,
      "mean": -1.6589021011629326,
      "min": -2.6274393776329816,
      "min_step": 397,
      "n": 1000,
      "std": 0.3118656720213743
    },
    "pdlc_pair_logit_pos_mean": {
      "first": 1.0345579708300647,
      "frac_valid": 1.0,
      "last": 1.3373607205576263,
      "max": 2.1983127067478563,
      "max_step": 397,
      "mean": 1.2065654213408483,
      "min": 0.5578597182493468,
      "min_step": 119,
      "n": 1000,
      "std": 0.2602998176703223
    },
    "pdlc_pair_logit_std": {
      "first": 1.3602508052717894,
      "frac_valid": 1.0,
      "last": 2.035266111139208,
      "max": 2.629294262966141,
      "max_step": 397,
      "mean": 1.771458720857132,
      "min": 1.0246323521714658,
      "min_step": 8,
      "n": 1000,
      "std": 0.2552780672419393
    },
    "pdlc_pos_frac": {
      "first": 0.5308594657108188,
      "frac_valid": 1.0,
      "last": 0.5079366285353899,
      "max": 0.6236574272625148,
      "max_step": 269,
      "mean": 0.5263226648633136,
      "min": 0.4469360045623034,
      "min_step": 796,
      "n": 1000,
      "std": 0.029506723174517687
    },
    "pdlc_pos_weight": {
      "first": 1.527887689997442,
      "frac_valid": 1.0,
      "last": 1.5609918319096323,
      "max": 2.161798947250645,
      "max_step": 796,
      "mean": 1.507004872135953,
      "min": 0.9928346331289504,
      "min_step": 565,
      "n": 1000,
      "std": 0.18758070906353957
    },
    "pdlc_prior_entropy": {
      "first": 0.8777252648724243,
      "frac_valid": 1.0,
      "last": 0.9297791299468372,
      "max": 1.1075600991607644,
      "max_step": 796,
      "mean": 0.8830152850877075,
      "min": 0.6703450102359056,
      "min_step": 269,
      "n": 1000,
      "std": 0.06963647949945212
    },
    "pdlc_prob_gap": {
      "first": 0.4303139264084166,
      "frac_valid": 1.0,
      "last": 0.3824286629242124,
      "max": 0.5139414116274565,
      "max_step": 2,
      "mean": 0.36360130018934433,
      "min": 0.2826663782470859,
      "min_step": 780,
      "n": 1000,
      "std": 0.031059449208289278
    },
    "pdlc_tau": {
      "first": 0.2510519027709961,
      "frac_valid": 1.0,
      "last": 0.2477533966302871,
      "max": 0.2510519027709961,
      "max_step": 1,
      "mean": 0.24773813976347447,
      "min": 0.2476095557212829,
      "min_step": 341,
      "n": 1000,
      "std": 0.00025967578368840774
    },
    "prior_time": {
      "first": 9.344364408403637,
      "frac_valid": 1.0,
      "last": 0.0003055082634091,
      "max": 9.344364408403637,
      "max_step": 1,
      "mean": 0.011210656085982871,
      "min": 0.0001735668629407,
      "min_step": 376,
      "n": 1000,
      "std": 0.2953234529684519
    },
    "train_time": {
      "first": 42.00718817487359,
      "frac_valid": 1.0,