{
  "runs": [
    {
      "columns": [
        "step",
        "ce",
        "bce",
        "pdlc_tau",
        "accuracy",
        "lr",
        "prior_time",
        "train_time",
        "pdlc_pos_weight",
        "pdlc_pos_frac",
        "pdlc_pair_logit_mean",
        "pdlc_pair_logit_std",
        "pdlc_pair_logit_pos_mean",
        "pdlc_pair_logit_neg_mean",
        "pdlc_logit_gap",
        "pdlc_gamma_pos_mean",
        "pdlc_gamma_neg_mean",
        "pdlc_gamma_gap",
        "pdlc_gamma_saturated_low",
        "pdlc_gamma_saturated_high",
        "pdlc_neff_mean",
        "pdlc_neff_median",
        "pdlc_entropy",
        "pdlc_max_prob",
        "pdlc_prob_gap",
        "pdlc_prior_entropy",
        "pdlc_entropy_reduction",
        "probe/attn_kl_mean",
        "probe/attn_entropy_mean",
        "probe/delta_ce",
        "probe/ce",
        "probe/chance_entropy"
      ],
      "csv": "training_metrics/mini_tabicl_stage1_pdl_posterior_avg.csv",
      "metric_summaries": {
        "accuracy": {
          "first": 0.2568089384585619,
          "frac_valid": 1.0,
          "last": 0.640301413834095,
          "max": 0.746579154394567,
          "max_step": 21255,
          "mean": 0.6508672693091887,
          "min": 0.2420428281184286,
          "min_step": 19,
          "n": 25000,
          "std": 0.03214308734432402
        },
        "bce": {
          "first": 3.381194919347763,
          "frac_valid": 1.0,
          "last": 0.4818939347751438,
          "max": 3.381194919347763,
          "max_step": 1,
          "mean": 0.4768420659386019,
          "min": 0.3259838243247941,
          "min_step": 17876,
          "n": 25000,
          "std": 0.07137230709918131
        },
        "ce": {
          "first": 1.598094005137682,
          "frac_valid": 1.0,
          "last": 0.8431932316161692,
          "max": 1.6469639018177986,
          "max_step": 5,
          "mean": 0.8432095250502264,
          "min": 0.6376128098927438,
          "min_step": 17208,
          "n": 25000,
          "std": 0.06107975140872226
        },
        "pdlc_gamma_gap": {
          "first": -6.474468318629079e-05,
          "frac_valid": 1.0,
          "last": 0.3414755426347255,
          "max": 0.5158111834898591,
          "max_step": 16047,
          "mean": 0.3461404809114462,
          "min": -0.0058558190939947,
          "min_step": 6,
          "n": 25000,
          "std": 0.04790768535510466
        },
        "pdlc_gamma_neg_mean": {
          "first": 0.0007948308921186,
          "frac_valid": 1.0,
          "last": 0.3426963812671602,
          "max": 0.9951390828937292,
          "max_step": 11,
          "mean": 0.3439117942092992,
          "min": 0.0007948308921186,
          "min_step": 1,
          "n": 25000,
          "std": 0.03926544937011164
        },
        "pdlc_gamma_pos_mean": {
          "first": 0.0007300862089323,
          "frac_valid": 1.0,
          "last": 0.6841719234362245,
          "max": 0.9956964403390884,
          "max_step": 11,
          "mean": 0.6900522751284851,
          "min": 0.0007066391790431,
          "min_step": 2,
          "n": 25000,
          "std": 0.0401863550921487
        },
        "pdlc_gamma_saturated_high": {
          "first": 0.0,
          "frac_valid": 1.0,
          "last": 0.0626443614819436,
          "max": 0.92598120495677,
          "max_step": 12,
          "mean": 0.03878296395886053,
          "min": 0.0,
          "min_step": 1,
          "n": 25000,
          "std": 0.023192968490462686
        },
        "pdlc_gamma_saturated_low": {
          "first": 1.0,
          "frac_valid": 1.0,
          "last": 0.0228235633588838,
          "max": 1.0,
          "max_step": 1,
          "mean": 0.025304437627083145,
          "min": 0.0,
          "min_step": 6,
          "n": 25000,
          "std": 0.02038936872053692
        },
        "pdlc_logit_gap": {
          "first": 0.0061453282833099,
          "frac_valid": 1.0,
          "last": 2.604433588683605,
          "max": 5.492975665256381,
          "max_step": 16047,
          "mean": 2.5165164569776763,
          "min": -0.028462529182434,
          "min_step": 2,
          "n": 25000,
          "std": 0.6216288616394751
        },
        "pdlc_max_prob": {
          "first": 0.5792926037684083,
          "frac_valid": 1.0,
          "last": 0.6321339663118124,
          "max": 0.727760061621666,
          "max_step": 17208,
          "mean": 0.6383074610515498,
          "min": 0.4231216730549931,
          "min_step": 147,
          "n": 25000,
          "std": 0.02537049445377321
        },
        "pdlc_neff_mean": {
          "first": 365.7590751647949,
          "frac_valid": 1.0,
          "last": 743.8582744598389,
          "max": 915.6302356719972,
          "max_step": 127,
          "mean": 440.6323223923826,
          "min": 87.15368735790253,
          "min_step": 8986,
          "n": 25000,
          "std": 202.2255394881438
        },
        "pdlc_neff_median": {
          "first": 366.3498177528381,
          "frac_valid": 1.0,
          "last": 755.4752521514893,
          "max": 915.5551681518556,
          "max_step": 127,
          "mean": 448.07755225188254,
          "min": 88.75033962726593,
          "min_step": 21526,
          "n": 25000,
          "std": 205.5433729685458
        },
        "pdlc_pair_logit_mean": {
          "first": -7.283630266785622,
          "frac_valid": 1.0,
          "last": 0.3608393312024418,
          "max": 5.599534913897514,
          "max_step": 11,
          "mean": 0.25756194768009627,
          "min": -7.301658004522324,
          "min_step": 2,
          "n": 25000,
          "std": 0.2413225240911914
        },
        "pdlc_pair_logit_neg_mean": {
          "first": -7.289754793047905,
          "frac_valid": 1.0,
          "last": -1.130550861824304,
          "max": 5.580128021538258,
          "max_step": 11,
          "mean": -1.1174572640618285,
          "min": -7.290938317775726,
          "min_step": 2,
          "n": 25000,
          "std": 0.3659105392276702
        },
        "pdlc_pair_logit_pos_mean": {
          "first": -7.283609464764595,
          "frac_valid": 1.0,
          "last": 1.473882726044394,
          "max": 5.6085881143808365,
          "max_step": 11,
          "mean": 1.3990591928241825,
          "min": -7.31940084695816,
          "min_step": 2,
          "n": 25000,
          "std": 0.3866618120838254
        },
        "pdlc_pair_logit_std": {
          "first": 0.3701149831758812,
          "frac_valid": 1.0,
          "last": 2.0623939223587517,
          "max": 3.5680018104612827,
          "max_step": 16047,
          "mean": 1.9423093784107408,
          "min": 0.2897754503646865,
          "min_step": 44,
          "n": 25000,
          "std": 0.37181406632216696
        },
        "pdlc_pos_frac": {
          "first": 0.5359526807442307,
          "frac_valid": 1.0,
          "last": 0.5244822073727846,
          "max": 0.6044207634404302,
          "max_step": 17208,
          "mean": 0.5237881817119382,
          "min": 0.4430054943077266,
          "min_step": 3433,
          "n": 25000,
          "std": 0.021484259064770056
        },
        "pdlc_pos_weight": {
          "first": 0.9459098502993584,
          "frac_valid": 1.0,
          "last": 1.058384989388287,
          "max": 1.462702008895576,
          "max_step": 14355,
          "mean": 1.0340602054791501,
          "min": 0.724202373996377,
          "min_step": 19740,
          "n": 25000,
          "std": 0.09719445076345522
        },
        "pdlc_prior_entropy": {
          "first": 0.8562155226245522,
          "frac_valid": 1.0,
          "last": 0.8821598431095481,
          "max": 1.0757798217236996,
          "max_step": 3433,
          "mean": 0.8853592255522171,
          "min": 0.6979624377563596,
          "min_step": 2604,
          "n": 25000,
          "std": 0.04982942593464
        },