class,recall
1,0.9956331877729258
2,0.8461538461538461
