class,recall
-1,0.9950567557671183
1,0.676923076923077
