class,recall
False,0.9825581395348837
True,0.3076923076923077
