class,recall
Left,0.21212121212121213
Stayed,0.9823321554770318
