class,recall
1,0.9795918367346939
2,0.9642857142857143
3,0.9696969696969697
4,0.9636363636363636
