class,recall
D,0.8978102189781022
H,0.55
P,0.6142857142857143
R,0.5299539170506913
S,0.7728813559322034
