class,recall
1,0.41043083900226757
2,1.0
3,0.48484848484848486
4,0.2545454545454545
