class,recall
False,0.9874441370504362
True,0.4117647058823529
