class,recall
D,0.8541210795040116
H,0.4909819639278557
P,0.5271687321258341
R,0.5285451197053407
S,0.7315254237288136
