class,recall
not_recom,1.0
priority,0.9737458977965308
recommend,0.0
spec_prior,0.993570722057369
very_recom,0.8902439024390244
