class,recall
No,0.9242424242424242
Yes,0.5909090909090909
