class,recall
False,0.9797872340425532
True,0.42857142857142855
