class,recall
D,0.8777372262773723
H,0.58
P,0.569047619047619
R,0.5253456221198156
S,0.8033898305084746
