class,recall
1,0.9795918367346939
2,0.8928571428571429
3,0.8636363636363636
4,0.8606060606060606
