topk,acc,macro_f1,weighted_f1,n_predicted_classes,pred_entropy_norm,pred_top1_frac,margin_median
,0.9230205278592375,0.6759838467020349,0.9406511894027826,2,0.4515582485677435,0.905425219941349,0.9490030257857293
8.0,0.9230205278592375,0.6073657978929015,0.9366997598201664,2,0.37006856621364687,0.9288856304985337,0.958607191309091
16.0,0.9222873900293255,0.6062655904491139,0.9362523468029192,2,0.3727806683646634,0.9281524926686217,0.9582142685864533
32.0,0.9222873900293255,0.6114336085311317,0.9365560881964556,2,0.37817009568595367,0.9266862170087976,0.9577512395304735
64.0,0.9222873900293255,0.6114336085311317,0.9365560881964556,2,0.37817009568595367,0.9266862170087976,0.9572039722580539
