class,recall
0,0.3113456464379947
1,0.9507692307692308
