class,recall
1,0.46972477064220186
2,0.2345679012345679
3,0.4679144385026738
4,0.2727272727272727
5,0.33653846153846156
6,0.8723570869224746
