class,recall
negative,0.4767277856135402
sick,0.8695652173913043
