class,recall
B,0.7
L,0.9824561403508771
R,0.9310344827586207
