class,recall
B,0.9
L,0.9824561403508771
R,0.9137931034482759
