class,recall
1,0.9868938401048493
2,0.8244274809160306
