class,recall
Bumps,0.0
Dirtiness,0.18181818181818182
K_Scratch,0.8846153846153846
Other_Faults,1.0
Pastry,0.09375
Stains,0.8571428571428571
Z_Scratch,0.4473684210526316
