class,recall
1,0.9446962828649139
2,0.9694656488549618
3,0.9329268292682927
4,0.9297820823244553
