class,recall
1,0.9847161572052402
2,0.8461538461538461
