class,recall
0,0.018469656992084433
1,0.9996761133603239
