class,recall
False,0.501779359430605
True,0.90625
