{
  "dataset_id": 1467,
  "dataset_name": "climate-model-simulation-crashes",
  "errors": [],
  "head_swap": null,
  "models": {
    "pdl": {
      "acc": 0.9166666666666666,
      "binary_f1_pos": 0.9565217391304348,
      "confusion": [
        [
          0,
          9
        ],
        [
          0,
          99
        ]
      ],
      "macro_f1": 0.4782608695652174,
      "margin_mean": 0.8540588179689452,
      "margin_median": 0.9692201712168753,
      "margin_p10": 0.29348103702068334,
      "margin_p90": 0.9751340072602034,
      "n_classes": 2,
      "n_predicted_classes": 1,
      "n_test": 108,
      "per_class_recall": [
        0.0,
        1.0
      ],
      "pred_counts": [
        0,
        108
      ],
      "pred_entropy": -0.0,
      "pred_entropy_norm": -0.0,
      "pred_top1_frac": 1.0,
      "pred_top2_frac": 0.0,
      "weighted_f1": 0.8768115942028986
    },
    "sa": {
      "acc": 0.9166666666666666,
      "binary_f1_pos": 0.9565217391304348,
      "confusion": [
        [
          0,
          9
        ],
        [
          0,
          99
        ]
      ],
      "macro_f1": 0.4782608695652174,
      "margin_mean": 0.9350728396201264,
      "margin_median": 0.9884306504391134,
      "margin_p10": 0.7620703853666783,
      "margin_p90": 0.9975257444893941,
      "n_classes": 2,
      "n_predicted_classes": 1,
      "n_test": 108,
      "per_class_recall": [
        0.0,
        1.0
      ],
      "pred_counts": [
        0,
        108
      ],
      "pred_entropy": -0.0,
      "pred_entropy_norm": -0.0,
      "pred_top1_frac": 1.0,
      "pred_top2_frac": 0.0,
      "weighted_f1": 0.8768115942028986
    }
  },
  "n_features": 20,
  "n_rows": 540,
  "pdl_gamma": {
    "ap": 1.0,
    "auc": 1.0,
    "gamma_diff_mean": 0.9787391605786661,
    "gamma_diff_p10": 0.9766679048538208,
    "gamma_diff_p90": 0.9808691024780274,
    "gamma_same_mean": 0.9910085947656271,
    "gamma_same_p10": 0.9906815886497498,
    "gamma_same_p90": 0.9912551641464233,
    "n_pairs_used": 93096,
    "n_support": 432
  },
  "pdl_topk_sweep": null,
  "pdlc_topk_tune": null,
  "seed": 45,
  "split": {
    "kind": "random_stratified",
    "seed": 45,
    "test_size": 0.2
  },
  "variant": {
    "X_shape": [
      540,
      20
    ],
    "class_shift_offset": 1,
    "feature_permutation": [
      7,
      8,
      15,
      3,
      10,
      6,
      5,
      11,
      13,
      19,
      9,
      14,
      0,
      4,
      17,
      1,
      18,
      2,
      12,
      16
    ],
    "label_map": {
      "0": "1",
      "1": "2"
    },
    "norm_method": "none",
    "support_mask": [
      true,
      true,
      true,
      true,
      true,
      true,
      true,
      true,
      true,
      true,
      true,
      true,
      true,
      true,
      true,
      true,
      true,
      true,
      true,
      true,
      true,
      true,
      true,
      true,
      true,
      true,
      true,
      true,
      true,
      true,
      true,
      true,
      true,
      true,
      true,
      true,
      true,
      true,
      true,
      true,
      true,
      true,
      true,
      true,
      true,
      true,
      true,
      true,
      true,
      true,
      true,
      true,
      true,
      true,
      true,
      true,
      true,
      true,
      true,
      true,
      true,
      true,
      true,
      true,
      true,
      true,
      true,
      true,
      true,
      true,
      true,
      true,
      true,
      true,
      true,
      true,
      true,
      true,
      true,
      true,
      true,
      true,
      true,
      true,
      true,
      true,
      true,
      true,
      true,
      true,
      true,
      true,
      true,
      true,
      true,
      true,
      true,
      true,
      true,
      true,
      true,
      true,
      true,
      true,
      true,
      true,
      true,
      true,
      true,
      true,
      true,
      true,
      true,
      true,
      true,
      true,
      true,
      true,
      true,
      true,
      true,
      true,
      true,
      true,
      true,
      true,
      true,
      true,
      true,
      true,
      true,
      true,
      true,
      true,
      true,
      true,
      true,
      true,
      true,
      true,
      true,
      true,
      true,
      true,
      true,
      true,
      true,
      true,
      true,
      true,
      true,
      true,
      true,
      true,
      true,
      true,
      true,
      true,
      true,
      true,
      true,
      true,
      true,
      true,
      true,
      true,
      true,
      true,
      true,
      true,
      true,
      true,
      true,
      true,
      true,
      true,
      true,
      true,
      true,
      true,
      true,
      true,
      true,
      true,
      true,
      true,
      true,
      true,
      true,
      true,
      true,
      true,
      true,
      true,
      true,
      true,
      true,
      true,
      true,
      true,
      true,
      true,
      true,
      true,
      true,
      true,
      true,
      true,
      true,
      true,
      true,
      true,
      true,
      true,
      true,
      true,
      true,
      true,
      true,
      true,
      true,
      true,
      true,
      true,
      true,
      true,
      true,
      true,
      true,
      true,
      true,
      true,
      true,
      true,
      true,
      true,
      true,
      true,
      true,
      true,
      true,
      true,
      true,
      true,
      true,
      true,
      true,
      true,
      true,
      true,
      true,
      true,
      true,
      true,
      true,
      true,
      true,
      true,
      true,
      true,
      true,
      true,
      true,
      true,
      true,
      true,
      true,
      true,
      true,
      true,
      true,
      true,
      true,
      true,
      true,
      true,
      true,
      true,
      true,
      true,
      true,
      true,
      true,
      true,
      true,
      true,
      true,
      true,
      true,
      true,
      true,
      true,
      true,
      true,
      true,
      true,
      true,
      true,
      true,
      true,
      true,
      true,
      true,
      true,
      true,
      true,
      true,
      true,
      true,
      true,
      true,
      true,
      true,
      true,
      true,
      true,
      true,
      true,
      true,
      true,
      true,
      true,
      true,
      true,
      true,
      true,
      true,
      true,
      true,
      true,
      true,
      true,
      true,
      true,
      true,
      true,
      true,
      true,
      true,
      true,
      true,
      true,
      true,
      true,
      true,
      true,
      true,
      true,
      true,
      true,
      true,
      true,
      true,
      true,
      true,
      true,
      true,
      true,
      true,
      true,
      true,
      true,
      true,
      true,
      true,
      true,
      true,
      true,
      true,
      true,
      true,
      true,
      true,
      true,
      true,
      true,
      true,
      true,
      true,
      true,
      true,
      true,
      true,
      true,
      true,
      true,
      true,
      true,
      true,
      true,
      true,
      true,
      true,
      true,
      true,
      true,
      true,
      true,
      true,
      true,
      true,
      true,
      true,
      true,
      true,
      true,
      true,
      true,
      true,
      true,
      true,
      true,
      true,
      true,
      true,
      true,
      true,
      true,
      true,
      true,
      true,
      true,
      true,
      true,
      true,
      true,
      true,
      true,
      true,
      true,
      true,
      true
    ],