class,recall
D,0.7043795620437956
H,0.34
P,0.7666666666666667
R,0.059907834101382486
S,0.49491525423728816
