class,recall
False,0.9825494786124708
True,0.5882352941176471
