class,recall
negative,0.9760225669957687
sick,0.6739130434782609
