class,recall
False,0.9864341085271318
True,0.23076923076923078
