class,recall
0,0.8049281314168378
1,0.3090909090909091
