class,recall
negative,0.9774330042313117
sick,0.5434782608695652
