class,recall
False,0.927536231884058
True,0.4666666666666667
