{
  "dataset_id": 1467,
  "dataset_name": "climate-model-simulation-crashes",
  "head_swap": null,
  "models": {
    "pdl": {
      "acc": 0.9111111111111111,
      "binary_f1_pos": 0.9534883720930233,
      "confusion": [
        [
          0,
          23
        ],
        [
          1,
          246
        ]
      ],
      "macro_f1": 0.47674418604651164,
      "margin_mean": 0.848234018258302,
      "margin_median": 0.912738848477602,
      "margin_p10": 0.6174663215875625,
      "margin_p90": 0.9780485571362079,
      "n_classes": 2,
      "n_predicted_classes": 2,
      "n_test": 270,
      "per_class_recall": [
        0.0,
        0.9959514170040485
      ],
      "pred_counts": [
        1,
        269
      ],
      "pred_entropy": 0.024431732654320193,
      "pred_entropy_norm": 0.03524753954071269,
      "pred_top1_frac": 0.9962962962962963,
      "pred_top2_frac": 0.003703703703703704,
      "weighted_f1": 0.8722652885443583
    }
  },
  "n_features": 20,
  "n_rows": 540,
  "pdl_gamma": {
    "ap": 1.0,
    "auc": 1.0,
    "gamma_diff_mean": 0.09908878467511467,
    "gamma_diff_p10": 0.06038573011755943,
    "gamma_diff_p90": 0.1463649570941925,
    "gamma_same_mean": 0.9171745302300933,
    "gamma_same_p10": 0.9006585896015167,
    "gamma_same_p90": 0.9332990944385529,
    "n_pairs_used": 36315,
    "n_support": 270
  },
  "pdl_weighted": {
    "anchor_val_frac": 0.2,
    "diag_uniform": {
      "acc": 0.9111111111111111,
      "binary_f1_pos": 0.953307392996109,
      "confusion": [
        [
          1,
          22
        ],
        [
          2,
          245
        ]
      ],
      "macro_f1": 0.515115234959593,
      "margin_mean": 0.8687007467997588,
      "margin_median": 0.9611930511891842,
      "margin_p10": 0.6138723313808442,
      "margin_p90": 0.9943126917351037,
      "n_classes": 2,
      "n_predicted_classes": 2,
      "n_test": 270,
      "per_class_recall": [
        0.043478260869565216,
        0.9919028340080972
      ],
      "pred_counts": [
        3,
        267
      ],
      "pred_entropy": 0.06104703803959342,
      "pred_entropy_norm": 0.08807225904068133,
      "pred_top1_frac": 0.9888888888888889,
      "pred_top2_frac": 0.011111111111111112,
      "weighted_f1": 0.878652432738036
    },
    "diag_weighted": {
      "acc": 0.9185185185185185,
      "binary_f1_pos": 0.9566929133858267,
      "confusion": [
        [
          5,
          18
        ],
        [
          4,
          243
        ]
      ],
      "macro_f1": 0.6345964566929134,
      "margin_mean": 0.8289076343821189,
      "margin_median": 0.9351293705403805,
      "margin_p10": 0.49099490940570834,
      "margin_p90": 0.9888351486064494,
      "n_classes": 2,
      "n_predicted_classes": 2,
      "n_test": 270,
      "per_class_recall": [
        0.21739130434782608,
        0.9838056680161943
      ],
      "pred_counts": [
        9,
        261
      ],
      "pred_entropy": 0.1461447460085638,
      "pred_entropy_norm": 0.21084230031853216,
      "pred_top1_frac": 0.9666666666666667,
      "pred_top2_frac": 0.03333333333333333,
      "weighted_f1": 0.9018172207640711
    },
    "entropy_lambda": 0.0,
    "n_anchors": 216,
    "n_test": 270,
    "n_val": 54,
    "prune_lambda": 0.0,
    "prune_topm": null,
    "use_topk": null
  },
  "split": {
    "kind": "random_stratified",
    "seed": 2,
    "test_size": 0.5
  },
  "variant": {
    "X_shape": [
      540,
      20
    ],
    "class_shift_offset": 1,
    "feature_permutation": [
      16,
      4,
      5,
      10,
      9,
      19,
      1,
      0,
      18,
      12,
      14,
      6,
      15,
      11,
      8,
      17,
      3,
      7,
      2,
      13
    ],
    "label_map": {
      "0": "1",
      "1": "2"
    },
    "norm_method": "none",
    "support_mask": [
      true,
      true,
      true,
      true,
      true,
      true,
      true,
      true,
      true,
      true,
      true,
      true,
      true,
      true,
      true,
      true,
      true,
      true,
      true,
      true,
      true,
      true,
      true,
      true,
      true,
      true,
      true,
      true,
      true,
      true,
      true,
      true,
      true,
      true,
      true,
      true,
      true,
      true,
      true,
      true,
      true,
      true,
      true,
      true,
      true,
      true,
      true,
      true,
      true,
      true,
      true,
      true,
      true,
      true,
      true,
      true,
      true,
      true,
      true,
      true,
      true,
      true,
      true,
      true,
      true,
      true,
      true,
      true,
      true,
      true,
      true,
      true,
      true,
      true,
      true,
      true,
      true,
      true,
      true,
      true,
      true,
      true,
      true,
      true,
      true,
      true,
      true,
      true,
      true,
      true,
      true,
      true,
      true,
      true,
      true,
      true,
      true,
      true,
      true,
      true,
      true,
      true,
      true,
      true,
      true,
      true,
      true,
      true,
      true,
      true,
      true,
      true,
      true,
      true,
      true,
      true,
      true,
      true,
      true,
      true,
      true,
      true,
      true,
      true,
      true,
      true,
      true,
      true,
      true,
      true,
      true,
      true,
      true,
      true,
      true,
      true,
      true,
      true,
      true,
      true,
      true,
      true,
      true,
      true,
      true,
      true,
      true,
      true,
      true,
      true,
      true,
      true,
      true,
      true,
      true,
      true,
      true,
      true,
      true,
      true,
      true,
      true,
      true,
      true,
      true,
      true,
      true,
      true,
      true,
      true,
      true,
      true,
      true,
      true,
      true,
      true,
      true,
      true,
      true,
      true,
      true,
      true,
      true,
      true,
      true,
      true,
      true,
      true,
      true,
      true,
      true,
      true,
      true,
      true,
      true,
      true,
      true,
      true,
      true,
      true,
      true,
      true,
      true,
      true,
      true,
      true,
      true,
      true,
      true,
      true,
      true,
      true,
      true,
      true,
      true,
      true,
      true,
      true,
      true,
      true,
      true,
      true,
      true,
      true,
      true,
      true,
      true,
      true,
      true,
      true,
      true,
      true,
      true,
      true,
      true,
      true,
      true,
      true,
      true,
      true,
      true,
      true,
      true,
      true,
      true,
      true,
      true,
      true,
      true,
      true,
      true,
      true,
      true,
      true,
      true,
      true,
      true,
      true,
      true,
      true,
      true,
      true,
      true,
      true,
      true,
      true,
      true,
      true,
      true,
      true
    ],