class,recall
False,0.8612099644128114
True,0.59375
