class,recall
1,0.9879912663755459
2,0.8653846153846154
