class,recall
0.0,0.9120728929384966
1.0,0.23171889838556506
