class,recall
0,0.9045506817808444
1,0.2717391304347826
