class,recall
not_recom,1.0
priority,0.9653070792311299
recommend,0.0
spec_prior,0.9975272007912958
very_recom,0.9634146341463414
