class,recall
1,0.9945414847161572
2,0.8269230769230769
