class,recall
D,0.9051094890510949
H,0.42
P,0.55
R,0.5483870967741935
S,0.7915254237288135
