class,recall
Bumps,0.0
Dirtiness,0.6363636363636364
K_Scratch,0.8974358974358975
Other_Faults,1.0
Pastry,0.09375
Stains,0.7857142857142857
Z_Scratch,0.6052631578947368
