{
  "dataset_id": 11,
  "dataset_name": "balance-scale",
  "head_swap": null,
  "models": {
    "pdl": {
      "acc": 0.9297124600638977,
      "binary_f1_pos": NaN,
      "confusion": [
        [
          18,
          7,
          0
        ],
        [
          9,
          135,
          0
        ],
        [
          4,
          2,
          138
        ]
      ],
      "macro_f1": 0.8530268490374873,
      "margin_mean": 0.8682429903404114,
      "margin_median": 0.999053866835311,
      "margin_p10": 0.48504419922828673,
      "margin_p90": 0.9997048963530688,
      "n_classes": 3,
      "n_predicted_classes": 3,
      "n_test": 313,
      "per_class_recall": [
        0.72,
        0.9375,
        0.9583333333333334
      ],
      "pred_counts": [
        31,
        144,
        138
      ],
      "pred_entropy": 0.947264765525208,
      "pred_entropy_norm": 0.8622375475825177,
      "pred_top1_frac": 0.46006389776357826,
      "pred_top2_frac": 0.44089456869009586,
      "weighted_f1": 0.9329316255086088
    }
  },
  "n_features": 4,
  "n_rows": 625,
  "pdl_gamma": {
    "ap": 0.9990630602655417,
    "auc": 0.9993515703064545,
    "gamma_diff_mean": 0.11419770369485815,
    "gamma_diff_p10": 0.0063860128633677965,
    "gamma_diff_p90": 0.2772677659988403,
    "gamma_same_mean": 0.8898369160012904,
    "gamma_same_p10": 0.8056170403957367,
    "gamma_same_p90": 0.9699015200138092,
    "n_pairs_used": 48516,
    "n_support": 312
  },
  "pdl_weighted": {
    "anchor_val_frac": 0.2,
    "diag_uniform": {
      "acc": 0.9073482428115016,
      "binary_f1_pos": NaN,
      "confusion": [
        [
          0,
          17,
          8
        ],
        [
          0,
          142,
          2
        ],
        [
          0,
          2,
          142
        ]
      ],
      "macro_f1": 0.630202333481022,
      "margin_mean": 0.7081848390567036,
      "margin_median": 0.8296736180782318,
      "margin_p10": 0.28542668819427497,
      "margin_p90": 0.830635842680931,
      "n_classes": 3,
      "n_predicted_classes": 2,
      "n_test": 313,
      "per_class_recall": [
        0.0,
        0.9861111111111112,
        0.9861111111111112
      ],
      "pred_counts": [
        0,
        161,
        152
      ],
      "pred_entropy": 0.692733727501391,
      "pred_entropy_norm": 0.6305534123791924,
      "pred_top1_frac": 0.5143769968051118,
      "pred_top2_frac": 0.48562300319488816,
      "weighted_f1": 0.8698000257629439
    },
    "diag_weighted": {
      "acc": 0.865814696485623,
      "binary_f1_pos": NaN,
      "confusion": [
        [
          17,
          6,
          2
        ],
        [
          20,
          124,
          0
        ],
        [
          12,
          2,
          130
        ]
      ],
      "macro_f1": 0.7666797232014623,
      "margin_mean": 0.348110214875529,
      "margin_median": 0.387934148311615,
      "margin_p10": 0.11090582609176637,
      "margin_p90": 0.45133822560310366,
      "n_classes": 3,
      "n_predicted_classes": 3,
      "n_test": 313,
      "per_class_recall": [
        0.68,
        0.8611111111111112,
        0.9027777777777778
      ],
      "pred_counts": [
        49,
        132,
        132
      ],
      "pred_entropy": 1.0185389663541384,
      "pred_entropy_norm": 0.9271141210234892,
      "pred_top1_frac": 0.4217252396166134,
      "pred_top2_frac": 0.4217252396166134,
      "weighted_f1": 0.8834823154867606
    },
    "entropy_lambda": 0.0,
    "n_anchors": 249,
    "n_test": 313,
    "n_val": 63,
    "prune_lambda": 0.0,
    "prune_topm": null,
    "use_topk": null
  },
  "split": {
    "kind": "random_stratified",
    "seed": 1,
    "test_size": 0.5
  },
  "variant": {
    "X_shape": [
      625,
      4
    ],
    "class_shift_offset": 1,
    "feature_permutation": [
      0,
      1,
      2,
      3
    ],
    "label_map": {
      "0": "B",
      "1": "L",
      "2": "R"
    },
    "norm_method": "none",
    "support_mask": [
      true,
      true,
      true,
      true,
      true,
      true,
      true,
      true,
      true,
      true,
      true,
      true,
      true,
      true,
      true,
      true,
      true,
      true,
      true,
      true,
      true,
      true,
      true,
      true,
      true,
      true,
      true,
      true,
      true,
      true,
      true,
      true,
      true,
      true,
      true,
      true,
      true,
      true,
      true,
      true,
      true,
      true,
      true,
      true,
      true,
      true,
      true,
      true,
      true,
      true,
      true,
      true,
      true,
      true,
      true,
      true,
      true,
      true,
      true,
      true,
      true,
      true,
      true,
      true,
      true,
      true,
      true,
      true,
      true,
      true,
      true,
      true,
      true,
      true,
      true,
      true,
      true,
      true,
      true,
      true,
      true,
      true,
      true,
      true,
      true,
      true,
      true,
      true,
      true,
      true,
      true,
      true,
      true,
      true,
      true,
      true,
      true,
      true,
      true,
      true,
      true,
      true,
      true,
      true,
      true,
      true,
      true,
      true,
      true,
      true,
      true,
      true,
      true,
      true,
      true,
      true,
      true,
      true,
      true,
      true,
      true,
      true,
      true,
      true,
      true,
      true,
      true,
      true,
      true,
      true,
      true,
      true,
      true,
      true,
      true,
      true,
      true,
      true,
      true,
      true,
      true,
      true,
      true,
      true,
      true,
      true,
      true,
      true,
      true,
      true,
      true,
      true,
      true,
      true,
      true,
      true,
      true,
      true,
      true,
      true,
      true,
      true,
      true,
      true,
      true,
      true,
      true,
      true,
      true,
      true,
      true,
      true,
      true,
      true,
      true,
      true,
      true,
      true,
      true,
      true,
      true,
      true,
      true,
      true,
      true,
      true,
      true,
      true,
      true,
      true,
      true,
      true,
      true,
      true,
      true,
      true,
      true,
      true,
      true,
      true,
      true,
      true,
      true,
      true,
      true,
      true,
      true,
      true,
      true,
      true,
      true,
      true,
      true,
      true,
      true,
      true,
      true,
      true,
      true,
      true,
      true,
      true,
      true,
      true,
      true,
      true,
      true,
      true,
      true,
      true,
      true,
      true,
      true,
      true,
      true,
      true,
      true,
      true,
      true,
      true,
      true,
      true,
      true,
      true,
      true,
      true,
      true,
      true,
      true,
      true,
      true,
      true,
      true,
      true,
      true,
      true,
      true,
      true,
      true,
      true,
      true,
      true,
      true,
      true,
      true,
      true,
      true,
      true,
      true,
      true,
      true,
      true,
      true,
      true,
      true,
      true,
      true,
      true,
      true,
      true,
      true,
      true,
      true,
      true,
      true,
      true,
      true,
      true,
      true,
      true,
      true,
      true,
      true,
      true,
      true,
      true,
      true,
      true,
      true,
      true,
      true,
      true,
      true,
      true,
      true,
      true,
      true,
      true,
      true,
      true,
      true,
      true
    ],