class,recall
False,0.9951690821256038
True,0.26666666666666666
