class,recall
acc,0.025974025974025976
good,0.0
unacc,1.0
vgood,0.07692307692307693
