{
  "dataset_id": 1467,
  "dataset_name": "climate-model-simulation-crashes",
  "head_swap": null,
  "models": {
    "pdl": {
      "acc": 0.9074074074074074,
      "binary_f1_pos": 0.9514563106796117,
      "confusion": [
        [
          0,
          23
        ],
        [
          2,
          245
        ]
      ],
      "macro_f1": 0.47572815533980584,
      "margin_mean": 0.8595623549233466,
      "margin_median": 0.9398345472291112,
      "margin_p10": 0.6022380605340004,
      "margin_p90": 0.9865025263745337,
      "n_classes": 2,
      "n_predicted_classes": 2,
      "n_test": 270,
      "per_class_recall": [
        0.0,
        0.9919028340080972
      ],
      "pred_counts": [
        2,
        268
      ],
      "pred_entropy": 0.04371527330196929,
      "pred_entropy_norm": 0.06306780800385679,
      "pred_top1_frac": 0.9925925925925926,
      "pred_top2_frac": 0.007407407407407408,
      "weighted_f1": 0.8704063286587559
    }
  },
  "n_features": 20,
  "n_rows": 540,
  "pdl_gamma": {
    "ap": 1.0,
    "auc": 0.9999999999999999,
    "gamma_diff_mean": 0.09363297310957311,
    "gamma_diff_p10": 0.054573193192481995,
    "gamma_diff_p90": 0.1279367208480835,
    "gamma_same_mean": 0.9204872015730133,
    "gamma_same_p10": 0.902725625038147,
    "gamma_same_p90": 0.9363449037075042,
    "n_pairs_used": 36315,
    "n_support": 270
  },
  "pdl_weighted": {
    "anchor_val_frac": 0.2,
    "diag_uniform": {
      "acc": 0.9037037037037037,
      "binary_f1_pos": 0.94921875,
      "confusion": [
        [
          1,
          22
        ],
        [
          4,
          243
        ]
      ],
      "macro_f1": 0.5103236607142857,
      "margin_mean": 0.8751260080469634,
      "margin_median": 0.9655532846227288,
      "margin_p10": 0.5805922403931618,
      "margin_p90": 0.9946720983134583,
      "n_classes": 2,
      "n_predicted_classes": 2,
      "n_test": 270,
      "per_class_recall": [
        0.043478260869565216,
        0.9838056680161943
      ],
      "pred_counts": [
        5,
        265
      ],
      "pred_entropy": 0.0922160573371918,
      "pred_entropy_norm": 0.13303964861069892,
      "pred_top1_frac": 0.9814814814814815,
      "pred_top2_frac": 0.018518518518518517,
      "weighted_f1": 0.8744440310846561
    },
    "diag_weighted": {
      "acc": 0.9037037037037037,
      "binary_f1_pos": 0.9490196078431372,
      "confusion": [
        [
          2,
          21
        ],
        [
          5,
          242
        ]
      ],
      "macro_f1": 0.5411764705882353,
      "margin_mean": 0.8422424341125103,
      "margin_median": 0.9477314250543714,
      "margin_p10": 0.48232336938381204,
      "margin_p90": 0.990515271294862,
      "n_classes": 2,
      "n_predicted_classes": 2,
      "n_test": 270,
      "per_class_recall": [
        0.08695652173913043,
        0.979757085020243
      ],
      "pred_counts": [
        7,
        263
      ],
      "pred_entropy": 0.12028165712378484,
      "pred_entropy_norm": 0.17352975024239106,
      "pred_top1_frac": 0.9740740740740741,
      "pred_top2_frac": 0.025925925925925925,
      "weighted_f1": 0.8795352214960058
    },
    "entropy_lambda": 0.0,
    "n_anchors": 216,
    "n_test": 270,
    "n_val": 54,
    "prune_lambda": 0.0,
    "prune_topm": null,
    "use_topk": null
  },
  "split": {
    "kind": "random_stratified",
    "seed": 0,
    "test_size": 0.5
  },
  "variant": {
    "X_shape": [
      540,
      20
    ],
    "class_shift_offset": 1,
    "feature_permutation": [
      16,
      4,
      5,
      10,
      9,
      19,
      1,
      0,
      18,
      12,
      14,
      6,
      15,
      11,
      8,
      17,
      3,
      7,
      2,
      13
    ],
    "label_map": {
      "0": "1",
      "1": "2"
    },
    "norm_method": "none",
    "support_mask": [
      true,
      true,
      true,
      true,
      true,
      true,
      true,
      true,
      true,
      true,
      true,
      true,
      true,
      true,
      true,
      true,
      true,
      true,
      true,
      true,
      true,
      true,
      true,
      true,
      true,
      true,
      true,
      true,
      true,
      true,
      true,
      true,
      true,
      true,
      true,
      true,
      true,
      true,
      true,
      true,
      true,
      true,
      true,
      true,
      true,
      true,
      true,
      true,
      true,
      true,
      true,
      true,
      true,
      true,
      true,
      true,
      true,
      true,
      true,
      true,
      true,
      true,
      true,
      true,
      true,
      true,
      true,
      true,
      true,
      true,
      true,
      true,
      true,
      true,
      true,
      true,
      true,
      true,
      true,
      true,
      true,
      true,
      true,
      true,
      true,
      true,
      true,
      true,
      true,
      true,
      true,
      true,
      true,
      true,
      true,
      true,
      true,
      true,
      true,
      true,
      true,
      true,
      true,
      true,
      true,
      true,
      true,
      true,
      true,
      true,
      true,
      true,
      true,
      true,
      true,
      true,
      true,
      true,
      true,
      true,
      true,
      true,
      true,
      true,
      true,
      true,
      true,
      true,
      true,
      true,
      true,
      true,
      true,
      true,
      true,
      true,
      true,
      true,
      true,
      true,
      true,
      true,
      true,
      true,
      true,
      true,
      true,
      true,
      true,
      true,
      true,
      true,
      true,
      true,
      true,
      true,
      true,
      true,
      true,
      true,
      true,
      true,
      true,
      true,
      true,
      true,
      true,
      true,
      true,
      true,
      true,
      true,
      true,
      true,
      true,
      true,
      true,
      true,
      true,
      true,
      true,
      true,
      true,
      true,
      true,
      true,
      true,
      true,
      true,
      true,
      true,
      true,
      true,
      true,
      true,
      true,
      true,
      true,
      true,
      true,
      true,
      true,
      true,
      true,
      true,
      true,
      true,
      true,
      true,
      true,
      true,
      true,
      true,
      true,
      true,
      true,
      true,
      true,
      true,
      true,
      true,
      true,
      true,
      true,
      true,
      true,
      true,
      true,
      true,
      true,
      true,
      true,
      true,
      true,
      true,
      true,
      true,
      true,
      true,
      true,
      true,
      true,
      true,
      true,
      true,
      true,
      true,
      true,
      true,
      true,
      true,
      true,
      true,
      true,
      true,
      true,
      true,
      true,
      true,
      true,
      true,
      true,
      true,
      true,
      true,
      true,
      true,
      true,
      true,
      true
    ],