{
  "dataset_id": 11,
  "dataset_name": "balance-scale",
  "errors": [],
  "head_swap": null,
  "models": {
    "pdl": {
      "acc": 0.96,
      "binary_f1_pos": NaN,
      "confusion": [
        [
          8,
          2,
          0
        ],
        [
          2,
          56,
          0
        ],
        [
          1,
          0,
          56
        ]
      ],
      "macro_f1": 0.9061908152539827,
      "margin_mean": 0.8486047314199096,
      "margin_median": 0.9985833411919884,
      "margin_p10": 0.19451072216033938,
      "margin_p90": 0.9997802854835754,
      "n_classes": 3,
      "n_predicted_classes": 3,
      "n_test": 125,
      "per_class_recall": [
        0.8,
        0.9655172413793104,
        0.9824561403508771
      ],
      "pred_counts": [
        11,
        58,
        56
      ],
      "pred_entropy": 0.9298958389531591,
      "pred_entropy_norm": 0.8464276692922376,
      "pred_top1_frac": 0.464,
      "pred_top2_frac": 0.448,
      "weighted_f1": 0.9609169827222924
    }
  },
  "n_features": 4,
  "n_rows": 625,
  "pdl_gamma": {
    "ap": 0.9799404477354859,
    "auc": 0.9854074811772728,
    "gamma_diff_mean": 0.11048499406521077,
    "gamma_diff_p10": 0.013533871620893478,
    "gamma_diff_p90": 0.25626963376998907,
    "gamma_same_mean": 0.6721433313015065,
    "gamma_same_p10": 0.46942415833473206,
    "gamma_same_p90": 0.8507301211357117,
    "n_pairs_used": 124750,
    "n_support": 500
  },
  "pdl_topk_sweep": {
    "agg": "posterior_avg",
    "rows": [
      {
        "acc": 0.912,
        "macro_f1": 0.6337294142172191,
        "margin_median": 0.8263582938204403,
        "n_predicted_classes": 2,
        "pred_entropy_norm": 0.6295017515481063,
        "pred_top1_frac": 0.528,
        "topk": null,
        "weighted_f1": 0.8747367104440275
      },
      {
        "acc": 0.936,
        "macro_f1": 0.8649693171432302,
        "margin_median": 0.9983898610963156,
        "n_predicted_classes": 3,
        "pred_entropy_norm": 0.87864481228042,
        "pred_top1_frac": 0.464,
        "topk": 8,
        "weighted_f1": 0.9401068546807677
      },
      {
        "acc": 0.936,
        "macro_f1": 0.8649693171432302,
        "margin_median": 0.9982716370032998,
        "n_predicted_classes": 3,
        "pred_entropy_norm": 0.87864481228042,
        "pred_top1_frac": 0.464,
        "topk": 16,
        "weighted_f1": 0.9401068546807677
      },
      {
        "acc": 0.936,
        "macro_f1": 0.8649693171432302,
        "margin_median": 0.998161853469382,
        "n_predicted_classes": 3,
        "pred_entropy_norm": 0.87864481228042,
        "pred_top1_frac": 0.464,
        "topk": 32,
        "weighted_f1": 0.9401068546807677
      },
      {
        "acc": 0.92,
        "macro_f1": 0.8247863247863249,
        "margin_median": 0.9980488775252875,
        "n_predicted_classes": 3,
        "pred_entropy_norm": 0.8454051214370234,
        "pred_top1_frac": 0.48,
        "topk": 64,
        "weighted_f1": 0.9208791208791209
      }
    ]
  },
  "pdlc_topk_tune": null,
  "seed": 42,
  "split": {
    "kind": "random_stratified",
    "seed": 42,
    "test_size": 0.2
  },
  "variant": {
    "X_shape": [
      625,
      4
    ],
    "class_shift_offset": 1,
    "feature_permutation": [
      0,
      1,
      2,
      3
    ],
    "label_map": {
      "0": "B",
      "1": "L",
      "2": "R"
    },
    "norm_method": "none",
    "support_mask": [
      true,
      true,
      true,
      true,
      true,
      true,
      true,
      true,
      true,
      true,
      true,
      true,
      true,
      true,
      true,
      true,
      true,
      true,
      true,
      true,
      true,
      true,
      true,
      true,
      true,
      true,
      true,
      true,
      true,
      true,
      true,
      true,
      true,
      true,
      true,
      true,
      true,
      true,
      true,
      true,
      true,
      true,
      true,
      true,
      true,
      true,
      true,
      true,
      true,
      true,
      true,
      true,
      true,
      true,
      true,
      true,
      true,
      true,
      true,
      true,
      true,
      true,
      true,
      true,
      true,
      true,
      true,
      true,
      true,
      true,
      true,
      true,
      true,
      true,
      true,
      true,
      true,
      true,
      true,
      true,
      true,
      true,
      true,
      true,
      true,
      true,
      true,
      true,
      true,
      true,
      true,
      true,
      true,
      true,
      true,
      true,
      true,
      true,
      true,
      true,
      true,
      true,
      true,
      true,
      true,
      true,
      true,
      true,
      true,
      true,
      true,
      true,
      true,
      true,
      true,
      true,
      true,
      true,
      true,
      true,
      true,
      true,
      true,
      true,
      true,
      true,
      true,
      true,
      true,
      true,
      true,
      true,
      true,
      true,
      true,
      true,
      true,
      true,
      true,
      true,
      true,
      true,
      true,
      true,
      true,
      true,
      true,
      true,
      true,
      true,
      true,
      true,
      true,
      true,
      true,
      true,
      true,
      true,
      true,
      true,
      true,
      true,
      true,
      true,
      true,
      true,
      true,
      true,
      true,
      true,
      true,
      true,
      true,
      true,
      true,
      true,
      true,
      true,
      true,
      true,
      true,
      true,
      true,
      true,
      true,
      true,
      true,
      true,
      true,
      true,
      true,
      true,
      true,
      true,
      true,
      true,
      true,
      true,
      true,
      true,
      true,
      true,
      true,
      true,
      true,
      true,
      true,
      true,
      true,
      true,
      true,
      true,
      true,
      true,
      true,
      true,
      true,
      true,
      true,
      true,
      true,
      true,
      true,
      true,
      true,
      true,
      true,
      true,
      true,
      true,
      true,
      true,
      true,
      true,
      true,
      true,
      true,
      true,
      true,
      true,
      true,
      true,
      true,
      true,
      true,
      true,
      true,
      true,
      true,
      true,
      true,
      true,
      true,
      true,
      true,
      true,
      true,
      true,
      true,
      true,
      true,
      true,
      true,
      true,
      true,
      true,
      true,
      true,
      true,
      true,
      true,
      true,
      true,
      true,
      true,
      true,
      true,
      true,
      true,
      true,
      true,
      true,
      true,
      true,
      true,
      true,
      true,
      true,
      true,
      true,
      true,
      true,
      true,
      true,
      true,
      true,
      true,
      true,
      true,
      true,
      true,
      true,
      true,
      true,
      true,
      true,
      true,
      true,
      true,
      true,
      true,
      true,
      true,
      true,
      true,
      true,
      true,
      true,
      true,
      true,
      true,
      true,
      true,
      true,
      true,
      true,
      true,
      true,
      true,
      true,
      true,
      true,
      true,
      true,
      true,
      true,
      true,
      true,
      true,
      true,
      true,
      true,
      true,
      true,
      true,
      true,
      true,
      true,
      true,
      true,
      true,
      true,
      true,
      true,
      true,
      true,
      true,
      true,
      true,
      true,
      true,
      true,
      true,
      true,
      true,
      true,
      true,
      true,
      true,
      true,
      true,
      true,
      true,
      true,
      true,
      true,
      true,
      true,
      true,
      true,
