class,recall
acc,0.96875
good,0.8823529411764706
unacc,0.996694214876033
vgood,0.9393939393939394
