{
  "dataset_id": 1467,
  "dataset_name": "climate-model-simulation-crashes",
  "errors": [],
  "head_swap": null,
  "models": {
    "pdl": {
      "acc": 0.8962962962962963,
      "binary_f1_pos": 0.9433198380566802,
      "confusion": [
        [
          9,
          14
        ],
        [
          14,
          233
        ]
      ],
      "macro_f1": 0.6673120929413836,
      "margin_mean": 0.7565385619980387,
      "margin_median": 0.8958558551967144,
      "margin_p10": 0.26726364195346836,
      "margin_p90": 0.9776836053468287,
      "n_classes": 2,
      "n_predicted_classes": 2,
      "n_test": 270,
      "per_class_recall": [
        0.391304347826087,
        0.9433198380566802
      ],
      "pred_counts": [
        23,
        247
      ],
      "pred_entropy": 0.29125423265214945,
      "pred_entropy_norm": 0.4201910370851764,
      "pred_top1_frac": 0.9148148148148149,
      "pred_top2_frac": 0.08518518518518518,
      "weighted_f1": 0.8962962962962963
    }
  },
  "n_features": 20,
  "n_rows": 540,
  "pdl_gamma": {
    "ap": 1.0,
    "auc": 1.0,
    "gamma_diff_mean": 0.05190252325494453,
    "gamma_diff_p10": 0.021875007078051567,
    "gamma_diff_p90": 0.08676250278949738,
    "gamma_same_mean": 0.7326968460944331,
    "gamma_same_p10": 0.6870083332061767,
    "gamma_same_p90": 0.7753323316574097,
    "n_pairs_used": 36315,
    "n_support": 270
  },
  "pdl_weighted": {
    "anchor_val_frac": 0.2,
    "diag_uniform": {
      "acc": 0.9,
      "binary_f1_pos": 0.9454545454545454,
      "confusion": [
        [
          9,
          14
        ],
        [
          13,
          234
        ]
      ],
      "macro_f1": 0.6727272727272727,
      "margin_mean": 0.7584721658391774,
      "margin_median": 0.8961723763495684,
      "margin_p10": 0.25960624217987066,
      "margin_p90": 0.9803209763020277,
      "n_classes": 2,
      "n_predicted_classes": 2,
      "n_test": 270,
      "per_class_recall": [
        0.391304347826087,
        0.9473684210526315
      ],
      "pred_counts": [
        22,
        248
      ],
      "pred_entropy": 0.28237283669171354,
      "pred_entropy_norm": 0.4073778911768843,
      "pred_top1_frac": 0.9185185185185185,
      "pred_top2_frac": 0.08148148148148149,
      "weighted_f1": 0.898989898989899
    },
    "diag_weighted": {
      "acc": 0.8888888888888888,
      "binary_f1_pos": 0.9382716049382716,
      "confusion": [
        [
          12,
          11
        ],
        [
          19,
          228
        ]
      ],
      "macro_f1": 0.691358024691358,
      "margin_mean": 0.7326664975917622,
      "margin_median": 0.865968082100153,
      "margin_p10": 0.22408818006515505,
      "margin_p90": 0.9723335882648826,
      "n_classes": 2,
      "n_predicted_classes": 2,
      "n_test": 270,
      "per_class_recall": [
        0.5217391304347826,
        0.9230769230769231
      ],
      "pred_counts": [
        31,
        239
      ],
      "pred_entropy": 0.35646495066255773,
      "pred_entropy_norm": 0.5142702165716011,
      "pred_top1_frac": 0.8851851851851852,
      "pred_top2_frac": 0.11481481481481481,
      "weighted_f1": 0.8962048468221308
    },
    "entropy_lambda": 0.0,
    "n_anchors": 216,
    "n_test": 270,
    "n_val": 54,
    "prune_lambda": 0.0,
    "prune_topm": null,
    "use_topk": null
  },
  "pdlc_topk_tune": null,
  "split": {
    "kind": "random_stratified",
    "seed": 0,
    "test_size": 0.5
  },
  "variant": {
    "X_shape": [
      540,
      20
    ],
    "class_shift_offset": 1,
    "feature_permutation": [
      16,
      4,
      5,
      10,
      9,
      19,
      1,
      0,
      18,
      12,
      14,
      6,
      15,
      11,
      8,
      17,
      3,
      7,
      2,
      13
    ],
    "label_map": {
      "0": "1",
      "1": "2"
    },
    "norm_method": "none",
    "support_mask": [
      true,
      true,
      true,
      true,
      true,
      true,
      true,
      true,
      true,
      true,
      true,
      true,
      true,
      true,
      true,
      true,
      true,
      true,
      true,
      true,
      true,
      true,
      true,
      true,
      true,
      true,
      true,
      true,
      true,
      true,
      true,
      true,
      true,
      true,
      true,
      true,
      true,
      true,
      true,
      true,
      true,
      true,
      true,
      true,
      true,
      true,
      true,
      true,
      true,
      true,
      true,
      true,
      true,
      true,
      true,
      true,
      true,
      true,
      true,
      true,
      true,
      true,
      true,
      true,
      true,
      true,
      true,
      true,
      true,
      true,
      true,
      true,
      true,
      true,
      true,
      true,
      true,
      true,
      true,
      true,
      true,
      true,
      true,
      true,
      true,
      true,
      true,
      true,
      true,
      true,
      true,
      true,
      true,
      true,
      true,
      true,
      true,
      true,
      true,
      true,
      true,
      true,
      true,
      true,
      true,
      true,
      true,
      true,
      true,
      true,
      true,
      true,
      true,
      true,
      true,
      true,
      true,
      true,
      true,
      true,
      true,
      true,
      true,
      true,
      true,
      true,
      true,
      true,
      true,
      true,
      true,
      true,
      true,
      true,
      true,
      true,
      true,
      true,
      true,
      true,
      true,
      true,
      true,
      true,
      true,
      true,
      true,
      true,
      true,
      true,
      true,
      true,
      true,
      true,
      true,
      true,
      true,
      true,
      true,
      true,
      true,
      true,
      true,
      true,
      true,
      true,
      true,
      true,
      true,
      true,
      true,
      true,
      true,
      true,
      true,
      true,
      true,
      true,
      true,
      true,
      true,
      true,
      true,
      true,
      true,
      true,
      true,
      true,
      true,
      true,
      true,
      true,
      true,
      true,
      true,
      true,
      true,
      true,
      true,
      true,
      true,
      true,
      true,
      true,
      true,
      true,
      true,
      true,
      true,
      true,
      true,
      true,
      true,
      true,
      true,
      true,
      true,
      true,
      true,
      true,
      true,
      true,
      true,
      true,
      true,
      true,
      true,
      true,
      true,
      true,
      true,
      true,
      true,
      true,
      true,
      true,
      true,
      true,
      true,
      true,
      true,
      true,
      true,
      true,
      true,
      true,
      true,
      true,
      true,
      true,
      true,
      true,
      true,
      true,
      true,
      true,
      true,
      true,
      true,
      true,
      true,
      true,
      true,
      true,
      true,
      true,
      true,
      true,
      true,
      true
    ],