class,recall
-1,0.9812356979405035
1,0.46153846153846156
