class,recall
D,0.6587591240875912
H,0.32
P,0.2523809523809524
R,0.1935483870967742
S,0.8966101694915254
