class,recall
1,0.47706422018348627
2,0.0
3,0.006666666666666667
4,0.0
5,0.096
6,0.9823874755381604
