{
  "dataset_id": 11,
  "dataset_name": "balance-scale",
  "errors": [],
  "head_swap": null,
  "models": {
    "pdl": {
      "acc": 0.736,
      "binary_f1_pos": NaN,
      "confusion": [
        [
          0,
          0,
          10
        ],
        [
          0,
          35,
          23
        ],
        [
          0,
          0,
          57
        ]
      ],
      "macro_f1": 0.5093994587082145,
      "margin_mean": 0.3621145551651476,
      "margin_median": 0.2447916865348816,
      "margin_p10": 0.09375005960464478,
      "margin_p90": 0.9031250037252904,
      "n_classes": 3,
      "n_predicted_classes": 2,
      "n_test": 125,
      "per_class_recall": [
        0.0,
        0.603448275862069,
        1.0
      ],
      "pred_counts": [
        0,
        35,
        90
      ],
      "pred_entropy": 0.5929533174474745,
      "pred_entropy_norm": 0.5397293690992068,
      "pred_top1_frac": 0.72,
      "pred_top2_frac": 0.28,
      "weighted_f1": 0.7028799648891815
    },
    "sa": {
      "acc": 0.952,
      "binary_f1_pos": NaN,
      "confusion": [
        [
          8,
          0,
          2
        ],
        [
          3,
          55,
          0
        ],
        [
          1,
          0,
          56
        ]
      ],
      "macro_f1": 0.8915456993948722,
      "margin_mean": 0.8027371476871195,
      "margin_median": 0.9971762088825926,
      "margin_p10": 0.18919933438301087,
      "margin_p90": 0.999788893731602,
      "n_classes": 3,
      "n_predicted_classes": 3,
      "n_test": 125,
      "per_class_recall": [
        0.8,
        0.9482758620689655,
        0.9824561403508771
      ],
      "pred_counts": [
        12,
        55,
        58
      ],
      "pred_entropy": 0.9424905405268272,
      "pred_entropy_norm": 0.8578918607122491,
      "pred_top1_frac": 0.464,
      "pred_top2_frac": 0.44,
      "weighted_f1": 0.9539675819371086
    }
  },
  "n_features": 4,
  "n_rows": 625,
  "pdl_gamma": {
    "ap": 0.4299879759519038,
    "auc": 0.5,
    "gamma_diff_mean": 1.0,
    "gamma_diff_p10": 1.0,
    "gamma_diff_p90": 1.0,
    "gamma_same_mean": 1.0,
    "gamma_same_p10": 1.0,
    "gamma_same_p90": 1.0,
    "n_pairs_used": 124750,
    "n_support": 500
  },
  "pdl_topk_sweep": null,
  "pdlc_topk_tune": null,
  "seed": 42,
  "split": {
    "kind": "random_stratified",
    "seed": 42,
    "test_size": 0.2
  },
  "variant": {
    "X_shape": [
      625,
      4
    ],
    "class_shift_offset": 1,
    "feature_permutation": [
      0,
      1,
      2,
      3
    ],
    "label_map": {
      "0": "B",
      "1": "L",
      "2": "R"
    },
    "norm_method": "none",
    "support_mask": [
      true,
      true,
      true,
      true,
      true,
      true,
      true,
      true,
      true,
      true,
      true,
      true,
      true,
      true,
      true,
      true,
      true,
      true,
      true,
      true,
      true,
      true,
      true,
      true,
      true,
      true,
      true,
      true,
      true,
      true,
      true,
      true,
      true,
      true,
      true,
      true,
      true,
      true,
      true,
      true,
      true,
      true,
      true,
      true,
      true,
      true,
      true,
      true,
      true,
      true,
      true,
      true,
      true,
      true,
      true,
      true,
      true,
      true,
      true,
      true,
      true,
      true,
      true,
      true,
      true,
      true,
      true,
      true,
      true,
      true,
      true,
      true,
      true,
      true,
      true,
      true,
      true,
      true,
      true,
      true,
      true,
      true,
      true,
      true,
      true,
      true,
      true,
      true,
      true,
      true,
      true,
      true,
      true,
      true,
      true,
      true,
      true,
      true,
      true,
      true,
      true,
      true,
      true,
      true,
      true,
      true,
      true,
      true,
      true,
      true,
      true,
      true,
      true,
      true,
      true,
      true,
      true,
      true,
      true,
      true,
      true,
      true,
      true,
      true,
      true,
      true,
      true,
      true,
      true,
      true,
      true,
      true,
      true,
      true,
      true,
      true,
      true,
      true,
      true,
      true,
      true,
      true,
      true,
      true,
      true,
      true,
      true,
      true,
      true,
      true,
      true,
      true,
      true,
      true,
      true,
      true,
      true,
      true,
      true,
      true,
      true,
      true,
      true,
      true,
      true,
      true,
      true,
      true,
      true,
      true,
      true,
      true,
      true,
      true,
      true,
      true,
      true,
      true,
      true,
      true,
      true,
      true,
      true,
      true,
      true,
      true,
      true,
      true,
      true,
      true,
      true,
      true,
      true,
      true,
      true,
      true,
      true,
      true,
      true,
      true,
      true,
      true,
      true,
      true,
      true,
      true,
      true,
      true,
      true,
      true,
      true,
      true,
      true,
      true,
      true,
      true,
      true,
      true,
      true,
      true,
      true,
      true,
      true,
      true,
      true,
      true,
      true,
      true,
      true,
      true,
      true,
      true,
      true,
      true,
      true,
      true,
      true,
      true,
      true,
      true,
      true,
      true,
      true,
      true,
      true,
      true,
      true,
      true,
      true,
      true,
      true,
      true,
      true,
      true,
      true,
      true,
      true,
      true,
      true,
      true,
      true,
      true,
      true,
      true,
      true,
      true,
      true,
      true,
      true,
      true,
      true,
      true,
      true,
      true,
      true,
      true,
      true,
      true,
      true,
      true,
      true,
      true,
      true,
      true,
      true,
      true,
      true,
      true,
      true,
      true,
      true,
      true,
      true,
      true,
      true,
      true,
      true,
      true,
      true,
      true,
      true,
      true,
      true,
      true,
      true,
      true,
      true,
      true,
      true,
      true,
      true,
      true,
      true,
      true,
      true,
      true,
      true,
      true,
      true,
      true,
      true,
      true,
      true,
      true,
      true,
      true,
      true,
      true,
      true,
      true,
      true,
      true,
      true,
      true,
      true,
      true,
      true,
      true,
      true,
      true,
      true,
      true,
      true,
      true,
      true,
      true,
      true,
      true,
      true,
      true,
      true,
      true,
      true,
      true,
      true,
      true,
      true,
      true,
      true,
      true,
      true,
      true,
      true,
      true,
      true,
      true,
      true,
      true,
      true,
      true,
      true,
      true,
      true,
      true,
      true,
      true,
      true,
      true,
      true,
      true,
      true,
      true,
      true,
      true,
      true,
      true,
      true,
      true,
      true,
      true,
      true,
      true,
      true,
      true,
      true,
      true,
      true,
      true,
      true,
      true,
      true,
      true,
      true,
      true,
      true,
      true,
      true,
      true,
      true,
      true,
      true,
      true,
      true,
      true,
      true,
      true,
      true,
      true,
      true,
      true,
      true,
      true,
      true,
      true,
      true,
      true,
      true,
      true,
      true,
      true,
      true,
      true,
      true,
      true,
      true,
      true,
      true,
      true,
      true,
      true,
      true,
      true,
      true,
