class,recall
-1,0.997254004576659
1,0.5192307692307693
