class,recall
Left,0.16161616161616163
Stayed,0.974676089517079
