class,recall
negative,0.9796725014116319
sick,0.6521739130434783
