topk,acc,macro_f1,weighted_f1,n_predicted_classes,pred_entropy_norm,pred_top1_frac,margin_median
,0.9024926686217009,0.6428384393820372,0.9277213254609803,2,0.5151177529191165,0.8848973607038123,0.945081490889091
8.0,0.906158357771261,0.6071251766442542,0.9277691590964061,2,0.45394307729097544,0.9046920821114369,0.9623452315223315
16.0,0.905425219941349,0.6061641765989592,0.9273223694542068,2,0.4563189126971149,0.9039589442815249,0.9607873742668496
32.0,0.905425219941349,0.6061641765989592,0.9273223694542068,2,0.4563189126971149,0.9039589442815249,0.9592742826343865
64.0,0.9046920821114369,0.6052115987460815,0.9268758216199817,2,0.45868581620054033,0.9032258064516129,0.957742031286462
