class,recall
1,0.34782608695652173
2,0.979757085020243
