class,recall
False,0.9108527131782945
True,0.46153846153846156
