class,recall
1,0.9886621315192744
2,0.8642857142857143
3,0.7727272727272727
4,0.8909090909090909
