class,recall
1,0.9614512471655329
2,0.9738095238095238
3,0.9393939393939394
4,0.9575757575757575
